"lipid","type","mean1","mean2"
"FA(20:0)","FA",2101452.55106926,0
"FA(20:1)","FA",668440.098913193,611.924032592773
"FA(19:0)","FA",176867.537221909,6198824.98374481
"Cer(d20:0/26:0(2OH))","Cer",9676.9573319753,235598.0252388
"FA(20:3)","FA",231023.80308787,78951.8696807861
"FA(18:1)","FA",111841.695531209,1027898.08690186
"FA(15:1)","FA",416979.417933146,0
"FA(18:0)","FA",892473.564512888,6461578.03254318
"PI(38:7)","PI",1603199.71688334,700574.601475525
"FA(20:4)","FA",105838.560785929,63533.0525993347
"PI(14:1)","PI",5547.82703399658,3086.96025466919
"LPI(14:1)","PI",5247.27701886495,3187.38023986816
"LPG(18:4)","PG",0,0
"PG(18:4)","PG",0,0
"[TG(56:8)]_FA18:1","TAG",1333655.52924093,809103.221807861
"Cer(d20:0/26:0)","Cer",92666.990620931,60590.4237411499
"[TG(54:7)]_FA16:0","TAG",1374613.3564504,877657.150592041
"[TG(56:7)]_FA18:0","TAG",1632544.94082642,1082810.43068542
"O-oleoylcarnitine | Elaidic carnitine","CAR",3520648.62733078,2729320.52869797
"Linoelaidyl carnitine | O-linoleoylcarnitine | 9,12-Hexadecadienylcarnitine","CAR",4071512.72254944,3347879.28421936
"LPS(18:4)","PS",134531.436264038,754057.049316406
"LPS(18:4)_2","PS",133113.189966838,758437.25480957
"FA(15:0)","FA",449135.817779541,342562.945654297
"[TG(60:0)]_FA20:0","TAG",1689533.86668777,9632166.17420654
"FA(17:0)","FA",1270175.5542806,1053865.55856934
"Stearidonyl carnitine","CAR",3989733.91730754,3442666.87832642
"PG(42:9)","PG",215310.639856974,197152.314416504
"Stearoylcarnitine | hexadecanedioic acid mono-L-carnitine ester","CAR",5020704.39603551,4470534.96192093
"PE(22:2)","PE",0,0
"[TG(54:8)]_FA16:1","TAG",954723.786870321,807901.928540039
"3-hydroxypalmitoleoylcarnitine | Heptadecanoyl carnitine","CAR",2339170.52917353,2190400.20357132
"FA(18:4)","FA",329440.32054011,250457.252816772
"Arachidyl carnitine | O-[(9Z)-17-carboxyheptadec-9-enoyl]carnitine","CAR",1057555.99129359,1002830.8830986
"LPE(13:0)","PE",258.770021438599,94.0120048522951
"PS(O-40:4)","PS",336025.582529704,313275.648217773
"(11Z)-eicoseneoylcarnitine","CAR",970411.459592183,947001.106373596
"[TG(60:4)]_FA20:4","TAG",3145132.98310343,12111902.2763489
"12-Hydroxy-12-octadecanoylcarnitine | 3-hydroxyoctadecanoylcarnitine","CAR",1296429.29101181,1282444.90512314
"CE(15:0)","CE",654948.325645447,693659.826698303
"CE(15:1)","CE",668707.88633728,703484.055786133
"FA(22:6)","FA",2042890.05062358,1975273.03872223
"O-arachidonoylcarnitine","CAR",928547.120239258,918880.704125977
"PC(32:0)","PC",2097760.53599548,2067692.11599121
"PC(32:1)","PC",2111872.90197245,2045851.53098755
"PC(32:2)","PC",2101828.44932556,2056844.88947144
"PC(32:3)","PC",2092891.71416855,2036734.85524902
"PC(O-34:0)","PC",2200324.78468831,2168518.99529419
"PC(O-34:1)","PC",2161340.59834544,2107020.76472778
"PC(O-34:2)","PC",2159732.9372762,2110622.00046387
"PC(O-34:3)","PC",2293225.13824209,2228366.68811035
"PC(O-34:4)","PC",2402594.42341614,2294877.92589722
"PC(P-32:4)","PC",2322131.38552348,2258774.07177124
"SM(d18:0/18:0)","SM",2084635.804835,2048387.42244873
"SM(d18:1/18:0)","SM",2128286.89437103,2059824.26582031
"SM(d18:1/18:1)9Z))","SM",2093065.13551076,2044589.69926758
"SM(d18:2/18:1)","SM",2104058.6394043,2049380.81154785
"(11Z,14Z)-eicosadienoylcarnitine","CAR",885243.70600001,894249.623973846
"PC(32:4)","PC",1811284.78142293,1798349.70614014
"PI(O-42:6)","PI",918209.645744324,3657564.26095428
"LPG(15:1)","PG",287.333351135254,351.33602142334
"O-(17-carboxyheptadecanoyl)carnitine","CAR",1026812.81583532,1034359.69390335
"LPE(14:0)","PE",121.22668393453,175.548014831543
"PG(O-42:2)","PG",179173.126017253,190773.201092529
"FA(22:0)","FA",7445954.00195312,7249599.56950073
"CerP(d18:1/2:0)","Cer",329.856685638428,453.944023895264
"1-O-palmitoyl-Cer(d18:1/16:0)","Cer",0,0
"PC(34:6)","PC",2352131.30088806,2405739.24213257
"[TG(52:6)]_FA18:1","TAG",0,0
"CE(16:3)","CE",691686.129938761,763815.209689331
"FA(18:3)","FA",161483.024840673,733925.556152344
"1-O-tricosanoyl-Cer(d18:1/16:0)","Cer",511.926691691081,769.58405380249
"Cer(d18:1/2:0)","Cer",186.053342819213,363.796031188964
"1-O-behenoyl-Cer(d18:1/16:0)","Cer",635.32338587443,970.09208984375
"PC(34:5)","PC",3525271.98588053,3615116.4965332
"LPE(24:1)","PE",41497.3328895569,233001.029760742
"1-O-lignoceroyl-Cer(d18:1/16:0)","Cer",393.546700795492,746.640047454834
"FA(16:0)","FA",1895717.9734904,2240588.44768066
"PG(34:5)_2","PG",144666.896443685,172384.300341797
"PE(14:1)","PE",201.003341674805,317.552021026611
"CE(16:2) | zymosteryl palmitoleate","CE",738437.76063029,848282.699658203
"(5Z,8Z)-tetradecadienoylcarnitine","CAR",486411.91583252,538825.872485352
"1-O-stearoyl-Cer(d18:1/16:0)","Cer",987.993408838908,1464.57210235596
"cis-5-Tetradecenoylcarnitine","CAR",422133.921091716,472481.762774658
"PE(16:1)","PE",228400.376182556,223285.836190796
"LPS(13:0) | PS(12:0)_2","PS",88.7800051371256,162.584006500244
"1-O-myristoyl-Cer(d18:1/16:0)","Cer",916.433380126953,1413.72808532715
"2-Hydroxymyristoylcarnitine | 3-hydroxytetradecanoylcarnitine","CAR",386211.184894562,431353.322766876
"FA(16:1)","FA",271270.207402547,310452.582015991
"LPE(22:2)","PE",0,0
"PC(34:4)","PC",3854247.40694173,4067942.24259033
"PE(14:0)","PE",143.100011189779,303.172023773193
"LPG(15:0) | PG(O-16:0)","PG",169.67333984375,360.016026306152
"PG(P-16:0)","PG",127.7799949646,304.687997436523
"1-O-carboceroyl-Cer(d18:1/16:0)","Cer",11.0899899800618,110.147994232178
"3-hydroxyarachidonoylcarnitine","CAR",874135.351295471,986589.687757874
"Cer(d18:2/16:0)","Cer",9957.47735786438,11079.1768600464
"Cer(t18:0/18:0(2OH))","Cer",1572.22011566162,2055.94010162354
"CerP(d18:1/26:1(17Z))","Cer",0,0
"CerP(d18:1/26:0)","Cer",0,0
"SM(d18:2/20:1)","SM",3666374.03176371,3990976.32240601
"PC(34:3)","PC",3642809.37550354,3972957.51318359
"Cer(d18:0/14:0)","Cer",615.546712875366,1171.91607208252
"LPS(13:0) | PS(12:0)","PS",1.43999290466316,183.412002563477
"(9Z)-3-hydroxyoctadecenoylcarnitine","CAR",3726816.61030833,4213372.00617828
"O-(11-carboxyundecanoyl)carnitine","CAR",1548492.19053396,1764798.26093597
"[TG(52:5)]_FA18:0","TAG",0,0
"LPS(14:1) | PS(14:1)_2","PS",496.463373819987,873.400059509277
"1-O-tricosanoyl-Cer(d18:1/18:0)","Cer",0,79.0040084838867
"LPE(14:1)","PE",94.7500076293945,204.348015594482
"[TG(60:5)]_FA16:1","TAG",34787.1125348409,143713.145898438
"LPG(15:0) | PG(O-16:0)_2","PG",114.896671930949,358.188013458252
"Tetradecanoylcarnitine","CAR",1147396.76535797,1328329.92151642
"15:1 Campesteryl ester_simulated | CE(16:1)_2","CE",865064.04246521,1060518.47182922
"(5Z,8Z)-3-hydroxytetradecadienoylcarnitine","CAR",1868177.07022858,2145177.76445465
"15:1 Campesteryl ester_simulated | CE(16:1)","CE",834011.61072286,1034584.36002197
"Docosa-4,7,10,13,16-pentaenoyl carnitine | Clupanodonyl carnitine","CAR",700685.377914429,838574.244569397
"[TG(58:3)]_FA20:4","TAG",1014697.20527649,3365531.11332397
"O-behenoylcarnitine","CAR",651185.0880572,792707.286540222
"LPS(14:1) | PS(14:1)","PS",538.716680526733,945.476055145264
"(13Z,16Z)-docosadienoylcarnitine","CAR",777516.831995646,972693.411373901
"(7Z,10Z,13Z,16Z)-docosatetraenoylcarnitine","CAR",773282.706590017,949787.152877045
"(9Z,12Z)-3-hydroxyhexadecadienoylcarnitine","CAR",1341648.3904775,1643161.22118225
"(9Z,12Z,15Z)-3-hydroxyoctadecatrienoylcarnitine","CAR",3420671.35970052,4180223.42871094
"[TG(48:3)]_FA18:0","TAG",216787.379389445,706597.917123413
"[TG(48:3)]_FA18:1","TAG",320780.287750244,1032740.86310577
"[TG(50:3)]_FA18:0","TAG",297139.922597249,980872.938070679
"[TG(50:4)]_FA18:0","TAG",177464.738377889,579491.020285034
"[TG(50:4)]_FA18:1","TAG",290471.735549927,958919.601977539
"[TG(52:3)]_FA20:0","TAG",119372.494419098,401265.097694397
"[TG(54:0)]_FA18:0","TAG",290792.635620117,1023109.64454956
"[TG(54:1)]_FA18:1","TAG",352208.667378743,1271034.4835083
"[TG(54:5)]_FA16:0","TAG",560071.117912292,678771.947000122
"[TG(54:6)]_FA16:1","TAG",534421.121190389,657212.812335205
"[TG(54:8)]_FA16:0","TAG",144886.403620402,510631.660064697
"[TG(56:0)]_FA16:0","TAG",7420411.41623942,23095366.5955322
"[TG(56:1)]_FA16:1","TAG",5362322.60832214,16721240.4538513
"[TG(58:1)]_FA16:1","TAG",55429.9807306925,201179.134088135
"[TG(58:6)]_FA16:0","TAG",68446.3417332967,239848.952297974
"[TG(58:6)]_FA16:1","TAG",49789.2833989461,189066.097341919
"[TG(58:7)]_FA16:1","TAG",64436.1843999227,233257.948390198
"[TG(60:3)]_FA20:4","TAG",270419.086840312,887374.646990967
"[TG(60:4)]_FA16:0","TAG",35915.6460851034,141592.597651672
"[TG(60:5)]_FA16:0","TAG",36874.7591196696,139597.153927612
"[TG(60:5)]_FA20:0","TAG",173179.516019185,586458.020715332
"1-O-eicosanoyl-Cer(d18:1/16:0)","Cer",0,164.140020751953
"3-hydroxyeicosanoylcarnitine | Cervonyl carnitine","CAR",702603.570420583,868628.565874481
"3-hydroxylinoleoylcarnitine","CAR",3488324.47903061,4288143.8017662
"CE(22:4) | 20:3 Stigmasteryl ester","CE",1246083.59210587,1609639.05004044
"Cer(d18:0/18:0(2OH))","Cer",779.970050175985,1688.20011672974
"Cer(d18:0/26:0)","Cer",767.500048955281,1791.64012985229
"Cer(d18:0/h26:0)","Cer",105.760007222493,753.332036590576
"CerP(d18:1/24:0)","Cer",1191.59340731303,2234.79614334106
"CerP(d18:1/24:1(15Z))","Cer",930.000045776367,2003.61214065552
"FA(14:1)","FA",258759.602132161,422803.371777344
"FA(20:5)","FA",205170.111462911,297767.121759796
"FA(22:1)","FA",1164617.06694031,1442004.88099213
"FA(22:5)","FA",1237165.46921539,1637467.14810333
"Hexacosanoyl carnitine","CAR",669709.583735148,869077.115136719
"LPG(18:0) | PG(18:0)_2","PG",38267.0197753906,81820.5739501953
"LPI(19:0)","PI",39883.9455973307,111800.752075195
"Palmitoylcarnitine | (5Z)-13-carboxytridec-5-enoylcarnitine","CAR",878840.912066142,1107961.75299225
"PC(36:7)","PC",2991354.79155986,3501123.88599854
"PC(36:8)","PC",2729290.704717,3155257.80481567
"PC(38:0)","PC",2198062.14895121,2572942.84185791
"PC(38:1)","PC",2191872.22741699,2560424.87695312
"PC(38:2)","PC",2255505.60891724,2676804.21494141
"PC(38:6)","PC",3926084.46971639,4686183.1538208
"PC(O-36:0)","PC",2976721.38932546,3553543.79821777
"PC(O-36:1)","PC",2751007.88257599,3158736.13249512
"PC(P-40:6)","PC",2181540.43007914,2568914.61395264
"PG(34:4)","PG",192049.573547363,243914.977307129
"PG(34:5)","PG",91929.8692016602,152898.270495605
"PG(40:0) | PG(P-42:6)","PG",478110.754333496,2495765.70959473
"PG(40:0) | PG(P-42:6)_2","PG",441770.354431152,2231583.71096191
"PI(40:0)","PI",9419530.48524221,30479692.2825882
"PS(38:3)","PS",337344.431549072,406394.111572266
"SM(d16:1/22:1)","SM",2649423.10266622,3135798.93317261
"SM(d18:0/24:0)","SM",2172177.47282918,2555069.83215942
"SM(d18:1/24:0)","SM",2179272.68757629,2583503.40313721
"[TG(48:2)]_FA18:0","TAG",333247.057975769,1064624.54664917
"PG(38:3)","PG",304713.355784098,374587.758374023
"(7Z,10Z)-hexadecadienoylcarnitine","CAR",750570.346904755,963095.454479218
"[TG(48:1)]_FA18:0","TAG",226470.728042603,702639.836856079
"[TG(48:2)]_FA18:1","TAG",235979.086865743,726114.334565735
"[TG(52:0)]_FA16:0","TAG",172385.219085693,639183.803430176
"[TG(52:1)]_FA16:1","TAG",168995.508463542,622506.196820068
"[TG(52:2)]_FA18:0","TAG",273374.022842407,876506.898886108
"[TG(52:2)]_FA20:0","TAG",106683.566996257,432959.27829895
"[TG(52:3)]_FA18:0","TAG",198925.083376567,618732.212759399
"[TG(52:3)]_FA18:1","TAG",277665.114135742,871165.170953369
"[TG(52:4)]_FA18:0","TAG",76286.956606547,314208.893981934
"[TG(52:4)]_FA18:1","TAG",195584.498542786,601514.263034058
"[TG(52:5)]_FA18:1","TAG",69521.4444656372,307064.133529663
"[TG(52:6)]_FA20:4","TAG",413889.381134033,1292260.87565918
"[TG(56:0)]_FA16:1","TAG",305553.873835246,960924.607159424
"[TG(56:1)]_FA16:0","TAG",155321.938285828,494990.792727661
"[TG(56:1)]_FA18:0","TAG",140182.339609782,449183.10194397
"[TG(56:2)]_FA16:1","TAG",105081.987965902,349439.988647461
"[TG(58:0)]_FA16:0","TAG",53650.9101816813,192587.745637512
"[TG(58:0)]_FA18:0","TAG",9334904.03427633,28090339.4963593
"[TG(58:1)]_FA18:1","TAG",8341184.55408223,24452887.3976624
"[TG(58:10)]_FA16:0","TAG",55078.8573735555,190965.52984314
"[TG(58:2)]_FA18:2","TAG",8232894.95072937,23912096.9224304
"[TG(58:3)]_FA16:0","TAG",63986.2280298869,256101.569311523
"[TG(58:4)]_FA16:1","TAG",54270.9136606852,222361.296572876
"[TG(58:5)]_FA16:0","TAG",50420.0869992574,188579.28447876
"[TG(58:5)]_FA16:1","TAG",46004.9866612752,165131.435284424
"[TG(58:7)]_FA16:0","TAG",71855.7512257894,255118.157498169
"[TG(58:8)]_FA16:1","TAG",71637.5583953857,258284.17318573
"[TG(60:0)]_FA16:0","TAG",37834.5591901143,133730.421472931
"[TG(60:0)]_FA16:1","TAG",35441.3593088786,129032.257650757
"[TG(60:0)]_FA18:0","TAG",102921.2376194,333945.548414612
"[TG(60:1)]_FA16:1","TAG",37362.8992004395,136718.172657776
"[TG(60:1)]_FA18:2","TAG",47921.233282725,172248.655680847
"[TG(60:1)]_FA20:0","TAG",146658.848642985,476057.875717163
"[TG(60:1)]_FA20:4","TAG",132912.173247019,416827.478251648
"[TG(60:11)]_FA16:1","TAG",38513.5059407552,136609.865765381
"[TG(60:12)]_FA16:0","TAG",43868.2164433797,162403.727761841
"[TG(60:12)]_FA18:0","TAG",90824.0525919596,295453.460787964
"[TG(60:3)]_FA18:0","TAG",168640.857729594,571370.163873291
"[TG(60:6)]_FA16:0","TAG",39539.1660970052,144451.429528809
"[TG(60:6)]_FA16:1","TAG",37916.7656059265,137996.858204651
"[TG(60:7)]_FA16:1","TAG",42532.9097328186,149665.086611938
"[TG(60:7)]_FA18:0","TAG",85488.7652435303,278810.61522522
"[TG(60:8)]_FA16:0","TAG",36625.6591389974,133373.044967651
"[TG(60:9)]_FA16:1","TAG",37477.302772522,133706.389196777
"[TG(60:9)]_FA20:4","TAG",196683.601898193,633111.898455811
"20:0 Campesteryl ester","CE",1304592.52272542,1791592.43943481
"20:1 Campesteryl ester","CE",1326698.83757146,1825804.38058395
"20:3 Campesteryl ester","CE",1328733.03117116,1837435.96590424
"CE(14:0)","CE",189750.467219035,265778.142776489
"CE(22:5)","CE",1304306.77368927,1737399.1232193
"CE(22:6)","CE",1309154.58226649,1783836.63654099
"Cer(d18:0/20:0(2OH))","Cer",937.630066553751,2328.11617736816
"Cer(d18:0/20:0)","Cer",847.773402531941,2045.68413085937
"Cer(d18:0/22:0(2OH))","Cer",871.886721293132,2169.47614440918
"Cer(d18:0/24:0)","Cer",1829.22678375244,3315.74420089722
"Cer(d18:1/12:0)","Cer",1497.6501159668,2880.06020965576
"Cer(d18:1/26:1(17Z))","Cer",2318.43015034994,4002.10826187134
"Cer(d18:2/14:0)","Cer",1132.26340230306,2352.44013595581
"Cer(t18:0/16:0(2OH))","Cer",6227.19714864095,8214.66856460571
"Cer(t18:0/20:0(2OH))","Cer",1589.14345741272,2725.25617904663
"Cer(t18:0/22:0(2OH))","Cer",1325.9800936381,2473.41616821289
"Cer(t18:0/24:0(2OH))","Cer",2881.05355771383,4713.67631988525
"CerP(d18:1/22:0)","Cer",958.090054194132,2264.49613342285
"CerP(d18:1/8:0)","Cer",982.290063222249,2334.75215835571
"Cholesteryl nitrolinoleate","CE",1318798.70786285,1810168.69737701
"FA(12:1)","FA",237510.512690226,337937.459161377
"FA(17:1)","FA",568209.69144694,855169.390643311
"lanosteryl oleate | 20:2 Campesteryl ester","CE",1308223.33897654,1813060.94886017
"LPE(18:3)","PE",80557.6018702189,310179.347821045
"LPG(14:0)","PG",146.996664683024,655.268041229248
"LPG(18:0) | PG(18:0)","PG",33181.6389872233,80389.973413086
"LPG(20:5) | PG(20:5)_2","PG",26390.1485799154,52402.4913452148
"LPI(18:3) | PI(18:3)","PI",124473.305472056,172790.844985962
"LPI(18:3) | PI(18:3)_2","PI",122247.47803243,177616.987351227
"LPS(12:0) | PS(12:0)_2","PS",29628.4754587809,44986.2750297546
"LPS(14:0)","PS",507.726695378621,1194.26008605957
"O-(13-carboxytridecanoyl)carnitine","CAR",965200.388487498,1281139.27899857
"O-palmitoleoylcarnitine | trans-Hexadec-2-enoyl carnitine","CAR",809184.944033305,1048868.42894135
"PC(34:0)","PC",2383759.73097992,2867593.60997314
"PC(34:1)","PC",2351316.71839905,2832903.05109253
"PC(34:2)","PC",2329016.71777852,2820358.04657593
"PC(36:4)","PC",4416181.20765177,5409286.17677002
"PC(36:5)","PC",4123483.55567423,5166435.72548828
"PC(36:6)","PC",3428203.18188477,4213758.05654297
"PC(38:7)","PC",3383955.97569784,4183184.39438477
"PC(38:8)","PC",2908242.66210938,3725182.47807617
"PC(40:10)","PC",2044317.19544474,2519703.50164185
"PC(O-36:2)","PC",2259403.62223307,2771426.56109619
"PC(O-36:3)","PC",2329576.86675008,2860520.22711182
"PC(O-36:4)","PC",2558752.36374919,3056959.35943604
"PC(O-36:5)","PC",2510652.79076131,3024096.31761475
"PC(O-38:0)","PC",3437681.47634379,4201667.07056885
"PC(O-38:1)","PC",2908969.99223836,3732016.54537354
"PC(O-40:2)","PC",1950067.71455638,2428507.02380829
"PC(O-40:3)","PC",2042230.2877833,2512059.89073791
"PC(O-40:4)","PC",2054324.40938059,2540245.68146515
"PC(O-40:5)","PC",2021192.8893458,2480250.34279327
"PC(O-40:6)","PC",2068074.6059316,2508406.05687256
"PC(P-36:5)","PC",2421896.61167399,2943209.45975952
"PE(O-18:1)","PE",126512.199626923,454582.999884033
"PG(38:7)","PG",513277.540161133,663054.34119873
"PI(38:5)","PI",199189.24977239,279694.583686066
"PI(40:1)","PI",77197.2986030579,267292.721896362
"PI(42:11)","PI",112280.994253794,374062.102506256
"PI(O-20:5)","PI",40615.1606903076,116779.812042236
"PI(O-40:5) | PI(P-40:4)","PI",658648.612518311,2189447.91390381
"PI(O-42:4)","PI",65815.5544490814,238548.233531189
"PI(P-42:6)","PI",11014473.4321632,33630450.5534256
"PS(34:5)_2","PS",197502.821390788,302229.591418457
"PS(40:0) | PS(P-42:6)","PS",813293.958170573,3138882.22026367
"PS(40:0) | PS(P-42:6)_2","PS",757456.931396484,2800655.80795898
"PS(O-40:5)","PS",377013.379058838,471271.984179688
"SM(d18:0/20:0)","SM",2379892.77859497,2857298.24390869
"SM(d18:0/22:0)","SM",2510360.21787516,3208214.78499145
"SM(d18:1/20:0)","SM",2294313.4340566,2758880.01928101
"SM(d18:1/24:1)15Z))","SM",2482560.97662354,2995945.30042725
"SM(d18:2/22:1)","SM",4453346.98440552,5498744.05419922
"SM(d18:2/24:1)","SM",3217282.05054728,4023396.73643799
"[TG(56:8)]_FA18:0","TAG",187325.259857178,588691.570046997
"[TG(60:7)]_FA16:0","TAG",44508.6529210409,156356.65536499
"[TG(60:11)]_FA18:0","TAG",158970.470077515,482871.879341125
"LPC(7:0)","PC",21177.8654479981,39873.7676147461
"LPG(20:5) | PG(20:5)","PG",23372.7123514811,50324.0317382812
"PC(38:9)","PC",2728693.28066508,3512490.38977051
"PC(40:9)","PC",1942019.92590332,2433274.66703033
"[TG(60:3)]_FA16:0","TAG",37101.6260782878,131681.777490234
"LPG(20:2) | PG(20:2)","PG",77349.8827260335,333152.850073242
"PC(40:8)","PC",1967701.80578868,2473157.79869995
"[TG(58:1)]_FA18:0","TAG",217493.979688009,655593.507098389
"[TG(60:6)]_FA18:0","TAG",85998.5228424072,275231.099768066
"CE(14:1)","CE",193772.993100484,282209.124526978
"[TG(58:2)]_FA16:1","TAG",42699.4632314046,153679.41857605
"[TG(60:2)]_FA16:1","TAG",35210.9225056966,123481.31741333
"CE(20:2) | 18:1 Stigmasteryl ester | 18:2 Sitosteryl ester","CE",1889736.45156733,2625900.97188187
"PC(O-38:2)","PC",2741521.87250773,3552666.53200684
"[TG(60:4)]_FA16:1","TAG",37375.9128786723,130274.024980164
"Cer(d18:1/16:0)","Cer",18215.6180566152,24183.5776611328
"FA(18:2)","FA",501379.118619283,1429828.75038452
"LPC(20:0)","PC",299902.6534729,475301.652807617
"PC(32:5)","PC",1430767.52182007,1889724.06310425
"PC(36:0) | PC(P-38:6)","PC",2510381.85308329,3268028.33968506
"PC(36:3)","PC",3135091.08876292,4017463.85736084
"PC(52:0)","PC",20664.5513280233,69009.2169418335
"PC(O-40:1)","PC",1952282.30554708,2472201.51141663
"PE(20:5)","PE",27187.3386230468,114594.011132812
"SM(d16:1/24:1)","SM",2642908.03055445,3420168.55947266
"Cer(d18:1/26:0)","Cer",1315.25339063009,2992.76022338867
"[TG(60:8)]_FA16:1","TAG",45204.3898620605,156523.158312988
"PC(36:0) | PC(P-38:6)_2","PC",2462247.28965759,3208379.31470947
"PC(36:1)","PC",2458605.92035421,3205463.4956604
"PC(40:7)","PC",1893341.13565572,2392602.34059753
"[TG(56:5)]_FA18:0","TAG",440280.40662384,590849.866137695
"19:0 Campesteryl ester_simulated | CE(20:0) | 18:0 Sitosteryl ester_2","CE",1882800.89955012,2636552.0621315
"CE(20:1) | 18:0 Stigmasteryl ester | 18:1 Sitosteryl ester","CE",1920851.50014114,2676381.20211868
"PG(P-34:4)","PG",90102.865834554,126532.416644287
"PI(42:3)","PI",72560.1336669922,293359.132019043
"PC(O-38:3)","PC",2645492.43290202,3450784.7822998
"PC(38:5)","PC",3409688.63164775,4386374.73867187
"[TG(54:1)]_FA16:1","TAG",215311.298156738,663249.955615234
"[TG(58:1)]_FA18:2","TAG",417392.29750061,1218420.02560425
"[TG(60:0)]_FA18:1","TAG",50294.687201182,168493.372244263
"[TG(60:10)]_FA16:0","TAG",36889.1291592916,130349.553509521
"[TG(60:3)]_FA16:1","TAG",35999.7260653178,121339.412394714
"CE(20:3) | 18:2 Stigmasteryl ester | 18:3 Sitosteryl ester","CE",1836083.36089071,2575143.84125366
"LPG(19:0)","PG",31149.5054931641,73643.1802124023
"LPG(20:2) | PG(20:2)_2","PG",86295.3126220703,340963.050488281
"PC(36:2)","PC",2469516.18991597,3236638.78347168
"PC(O-40:0)","PC",1878124.09989675,2394049.9986496
"PG(14:0)","PG",63.7866681416828,602.556044006347
"SM(d16:1/24:0)","SM",2445054.31645711,3214326.64300537
"[TG(60:1)]_FA16:0","TAG",34322.7260030111,120357.444506073
"[TG(60:5)]_FA18:0","TAG",74321.1751225789,237246.220236206
"[TG(48:3)]_FA16:0","TAG",49344.3300552368,196279.017880249
"LPC(21:4)","PC",835486.057230631,1420240.51286621
"PC(O-38:6)","PC",2489553.51853943,3282401.4947998
"19:0 Campesteryl ester_simulated | CE(20:0) | 18:0 Sitosteryl ester","CE",1888765.78482564,2653360.30329895
"PC(38:3)","PC",2960726.46187337,3809479.9295166
"PC(38:4)","PC",3384010.04921468,4373009.3817749
"PS(38:7)","PS",581148.378479004,776336.835229492
"[TG(60:2)]_FA16:0","TAG",34760.1590499878,119385.652201843
"LPS(20:5) | PS(20:5)","PS",31133.6657307943,70970.4895019531
"[TG(60:12)]_FA16:1","TAG",39097.3493347168,137799.838153076
"LPE(16:0)","PE",108716.278016408,343769.946878052
"PC(50:0)","PC",34445.8557516734,107097.799338531
"PI(34:5)","PI",45051.3623326619,279086.988864136
"CE(12:0)_2","CE",203660.581180573,309003.145467377
"PC(O-38:4)","PC",2570934.67143758,3409306.08294678
"PC(O-38:5)","PC",2514427.02820333,3337911.20050049
"[TG(58:4)]_FA16:0","TAG",42775.2463531494,149942.922937012
"[TG(60:5)]_FA20:4","TAG",168325.793833415,504281.186729431
"PS(O-40:0)","PS",445551.142191569,603161.807104492
"[TG(58:0)]_FA18:1","TAG",427157.749440511,1233450.81640625
"CE(12:0)","CE",207510.448623657,314317.454824829
"[TG(58:1)]_FA20:4","TAG",98111.2140274048,314947.650444031
"PC(40:6)","PC",1775731.581014,2281859.7356842
"PI(34:1)","PI",67519.4550374349,170950.825830078
"[TG(54:1)]_FA20:4","TAG",159917.359092712,480583.384985352
"PS(34:5)","PS",159058.325215658,267271.128686523
"LPG(20:1) | PG(20:1)","PG",71192.2084350586,134907.472631836
"[TG(50:2)]_FA18:0","TAG",172720.063018799,536528.525866699
"Cer(d18:1/24:1(15Z))","Cer",2019.97681045532,3965.77629089356
"[TG(54:6)]_FA20:4","TAG",302356.524632772,897235.818566895
"PC(52:4)","PC",24214.935198466,78766.9260215759
"PS(O-38:0)","PS",524235.819081624,713200.323962402
"Cer(d18:2/20:1)","Cer",2392.60018348694,4259.10029830933
"LPE(20:5)","PE",16213.870300293,68600.1515625
"[TG(52:6)]_FA18:0","TAG",120341.255472819,383658.313598633
"LPE(22:1)","PE",0,58450.5093612671
"[TG(60:1)]_FA18:0","TAG",61380.9112040202,192863.822819519
"LPG(13:0) | PG(12:0)_2","PG",29825.5815785726,59127.7758422852
"PG(O-20:0)","PG",27904.8154602051,72860.5164306641
"[TG(60:4)]_FA18:0","TAG",64080.9414583842,201524.530075073
"[TG(60:11)]_FA20:0","TAG",79608.7254880269,256100.285998535
"[TG(54:4)]_FA16:0","TAG",1742049.34143066,2333543.36127319
"CerP(d18:0/16:0)","Cer",843.346734364828,2509.21618652344
"LPG(20:1) | PG(20:1)_2","PG",69758.7619018555,135348.023388672
"PC(40:5)","PC",1597537.18162028,2109288.82072754
"PS(P-34:4)","PS",97863.35643514,143859.733239746
"[TG(58:2)]_FA16:0","TAG",41713.7293523153,139939.502081299
"[TG(54:5)]_FA16:1","TAG",1698582.97138977,2277896.6696106
"[TG(50:3)]_FA18:1","TAG",193219.192942301,589116.169018555
"[TG(56:2)]_FA20:4","TAG",98091.9133809408,309365.780490112
"[TG(52:0)]_FA16:1","TAG",89533.9469146729,298355.348126221
"PG(O-38:0)","PG",463288.92477417,639005.739825439
"FA(24:5)","FA",1381391.48153559,2098714.39401093
"LPG(13:0) | PG(12:0)","PG",29151.7789510091,57153.4076538086
"PI(30:0)","PI",164541.847635905,300027.004492188
"[TG(54:2)]_FA20:0","TAG",159999.511769613,477958.074658203
"CerP(d18:1/18:0)","Cer",1669.72012138367,3690.76026229858
"[TG(60:11)]_FA16:0","TAG",40746.6127802531,137993.593565369
"LPS(20:5) | PS(20:5)_2","PS",28384.1788228353,71912.2770507813
"PI(O-40:6) | PI(P-40:5)","PI",11995172.1239694,34428063.7090515
"PI(P-30:1)","PI",47794.1369387309,101785.955775452
"[TG(58:1)]_FA16:0","TAG",46257.7733052572,153515.474719238
"[TG(58:3)]_FA16:1","TAG",41289.6298166911,138385.389910889
"[TG(58:7)]_FA18:0","TAG",166174.754816691,489223.267675781
"[TG(58:9)]_FA18:0","TAG",84464.6997960408,264663.91446228
"[TG(60:9)]_FA16:0","TAG",35764.6322402954,125379.144485474
"PG(38:2)","PG",1428700.73493449,1997987.50395508
"PI(38:4)","PI",507471.754356384,735206.658433533
"[TG(54:8)]_FA18:0","TAG",167563.197931925,495816.838500977
"[TG(56:4)]_FA18:0","TAG",1212260.42053731,1650534.17481384
"[TG(60:10)]_FA16:1","TAG",36293.4093068441,126048.552868652
"CE(20:4) | 18:3 Stigmasteryl ester","CE",1543570.67207082,2249998.18012238
"LPC(22:5)","PC",843621.544759115,1570807.10996094
"[TG(52:6)]_FA16:0","TAG",84214.1626307169,275068.10760498
"[TG(54:7)]_FA18:0","TAG",249073.38755544,701106.117999268
"[TG(58:8)]_FA18:0","TAG",126631.638593038,382050.036184692
"FA(12:0)","FA",268093.693222046,456325.842370605
"PG(O-40:6)","PG",654309.822031657,1911291.39937134
"PI(34:0)","PI",189593.735290527,355959.090673828
"[TG(54:7)]_FA20:4","TAG",239498.649792989,676508.841104126
"[TG(56:3)]_FA16:1","TAG",89020.4498214722,274978.662982178
"[TG(58:0)]_FA20:0","TAG",268194.130752563,765244.013580322
"[TG(60:12)]_FA18:1","TAG",122274.865442912,360901.988369751
"Cer(d14:1(4E)/26:0(2OH))","Cer",137534.259758631,392416.100311279
"Cer(d18:1/20:0)","Cer",2147.19015820821,4399.49231948853
"LPC(21:0)","PC",759310.223205566,1468961.26818848
"LPC(22:6)","PC",988826.93725586,1731644.88378906
"[TG(52:0)]_FA18:1","TAG",106891.996180216,333921.720309448
"[TG(56:2)]_FA18:0","TAG",99977.5334574382,304055.177368164
"[TG(58:10)]_FA16:1","TAG",50345.5398661296,164030.291836548
"[TG(60:0)]_FA20:4","TAG",74619.9015871684,220629.972761536
"Cer(d14:1(4E)/22:1(13Z)(2OH))","Cer",126965.575296402,369155.40983429
"Cer(d18:0/16:0(2OH))","Cer",1415.54678090413,3312.0682723999
"FA(22:4)","FA",444963.526290894,671384.387564087
"LPC(22:4)","PC",658069.666666666,1370740.85410156
"LPG(14:1) | PG(14:1)","PG",468.743350982666,3400.76822280884
"LPI(14:0) | PI(14:0)_2","PI",1567.69343312581,3126.47623214722
"PE(44:4)","PE",27902.5886707306,122098.396076965
"[TG(48:0)]_FA18:0","TAG",175755.865844727,528306.318182373
"Cer(d18:0/16:0)","Cer",11491.0941530863,17415.5091903687
"[TG(54:0)]_FA18:1","TAG",112913.528045654,341140.586419678
"[TG(58:4)]_FA20:4","TAG",271505.654390971,761799.268161011
"PC(40:4)","PC",1428115.85655721,2061281.70706787
"[TG(54:2)]_FA16:1","TAG",132005.305557251,388677.419250488
"[TG(56:0)]_FA20:0","TAG",597264.198557536,1723501.64619141
"[TG(58:9)]_FA16:1","TAG",59981.7415390015,194531.382540894
"[TG(58:9)]_FA16:0","TAG",50231.3334986369,162957.567886353
"Cer(d18:0/22:0)","Cer",1143.39004898071,3209.13621673584
"PE(18:4)","PE",48103.2738234202,190279.821855164
"15:0 Campesteryl ester_simulated | CE(16:0)","CE",951481.889544169,1442356.59403229
"Cer(d18:2/22:0)","Cer",3637.34358024597,6415.5844367981
"PI(P-42:4)","PI",46454.3366127014,160677.665423584
"[TG(56:2)]_FA16:0","TAG",98471.6533864339,296268.47013855
"[TG(56:4)]_FA16:1","TAG",67910.1046320597,209500.654141235
"[TG(58:2)]_FA18:1","TAG",189763.557754517,536528.681451416
"PE(28:1)","PE",63629.2148450216,290675.791696167
"[TG(60:4)]_FA20:0","TAG",100067.859354655,292995.176443481
"[TG(54:8)]_FA18:1","TAG",291980.657674154,813609.8668396
"[TG(56:3)]_FA18:2","TAG",107038.160842896,328918.029754639
"PG(O-38:4)","PG",155193.197438558,249817.871813965
"[TG(56:3)]_FA20:0","TAG",174840.64385732,509461.365673828
"[TG(58:8)]_FA16:0","TAG",59848.4744110107,194369.694436646
"PE(30:2)","PE",107250.629172007,352587.001081848
"PE(30:3)","PE",48639.0367037455,173447.54446106
"PS(40:7)","PS",437566.333730062,631985.017797852
"[TG(52:0)]_FA18:0","TAG",223637.087219238,710791.874584961
"[TG(52:1)]_FA20:0","TAG",125522.294949849,371174.540621948
"[TG(54:1)]_FA16:0","TAG",136253.509035746,394479.751983643
"[TG(58:3)]_FA18:2","TAG",179924.054901123,511652.100366211
"[TG(60:1)]_FA18:1","TAG",76110.7941716512,234799.099005127
"[TG(60:10)]_FA18:0","TAG",71970.2952270508,213889.214155579
"[TG(60:4)]_FA18:1","TAG",142754.026329041,454668.412338257
"15:0 Campesteryl ester_simulated | CE(16:0)_2","CE",960853.636550903,1461278.13475342
"Cer(d18:0/h24:0)","Cer",1920.43678665161,4245.23226470947
"Cer(d18:2/20:0)","Cer",1991.34681828817,4267.68031921387
"LPI(17:0)","PI",4110085.50719198,6273306.70136719
"PE(42:3)","PE",20879.7641957601,155780.613948059
"PI(32:2)","PI",132575.765238444,257711.322387695
"PI(O-38:4) | PI(P-38:3)","PI",90892.4662437439,152518.666308594
"PS(O-40:1)","PS",438309.21194458,629535.090136719
"[TG(52:6)]_FA16:1","TAG",73700.0185953776,233523.953240967
"PS(O-42:4)","PS",184163.642995199,278654.429187012
"[TG(60:5)]_FA18:2","TAG",136177.44304657,437158.343896484
"PS(O-38:3)_2","PS",501082.686208089,731130.751342773
"[TG(48:1)]_FA18:1","TAG",156136.19442749,472728.026940918
"[TG(60:2)]_FA20:4","TAG",114417.358149211,327477.13447113
"LPC(18:1)","PC",252746.849797567,711381.100592041
"Cer(d14:1(4E)/20:0(2OH))","Cer",68977.154586792,207339.246152496
"CerP(d18:1/14:0)","Cer",2182.69014549255,4593.98033981323
"[TG(50:1)]_FA18:1","TAG",109709.83455658,329749.114337158
"[TG(56:7)]_FA18:2","TAG",257606.958076477,382294.07802124
"[TG(58:0)]_FA18:2","TAG",63746.003964742,196851.254415894
"PE(40:0) | PE(P-42:6)","PE",93233.8265736898,536672.334063721
"[TG(56:7)]_FA16:0","TAG",140349.313865662,417331.405490112
"[TG(54:0)]_FA16:0","TAG",464059.474843343,1255646.34312744
"[TG(60:2)]_FA18:2","TAG",72053.4181289673,224173.396121216
"LPC(18:0)","PC",241593.86198171,684387.415637207
"LPS(19:0)","PS",17299.5774434408,92185.3624511719
"PI(O-18:0)","PI",4012078.29867554,6160129.30096436
"[TG(60:2)]_FA18:0","TAG",60647.5879821777,181755.968771362
"[TG(48:0)]_FA16:1","TAG",75594.2017923991,241219.3605896
"[TG(50:4)]_FA16:0","TAG",99654.0339711507,295463.344171143
"[TG(54:3)]_FA20:0","TAG",167064.520622253,465171.285012817
"[TG(54:4)]_FA20:0","TAG",106383.354504903,307429.015055847
"1-O-cerotoyl-Cer(d18:1/16:0)","Cer",1806.25345484416,4039.04428863525
"Cer(d14:1(4E)/22:0(2OH))","Cer",127173.246311188,360650.195405579
"PE(P-32:1)","PE",58993.4703979492,201101.452536011
"LPC(18:2)","PC",231671.15125529,650310.117474365
"PE(20:1)","PE",119942.402030945,185997.09302063
"[TG(56:6)]_FA18:1","TAG",258920.09417216,386295.574261475
"[TG(60:8)]_FA20:4","TAG",142020.756495158,394274.399346924
"[TG(60:0)]_FA18:2","TAG",43905.0098215739,136990.169589233
"[TG(52:5)]_FA18:2","TAG",163108.888244629,455925.992895508
"[TG(54:7)]_FA20:0","TAG",305361.744842529,817593.335977173
"[TG(54:8)]_FA20:0","TAG",155456.663579305,439731.251177979
"[TG(56:2)]_FA18:1","TAG",103174.331059774,305493.714398193
"[TG(60:2)]_FA20:0","TAG",117610.698407491,342786.726669312
"[TG(60:9)]_FA18:0","TAG",67055.8545900981,196729.35479126
"LPC(19:3)","PC",219635.862706502,620926.069573975
"[TG(56:3)]_FA16:0","TAG",68795.5483373006,209883.027423096
"[TG(52:4)]_FA16:1","TAG",146802.775588989,432071.336602783
"[TG(54:3)]_FA18:0","TAG",188561.118509928,560871.212127686
"[TG(56:7)]_FA20:4","TAG",204672.081481934,596309.791943359
"[TG(58:0)]_FA16:1","TAG",80798.3019828796,240681.365420532
"[TG(58:6)]_FA18:0","TAG",232279.17666626,624917.909487915
"[TG(58:8)]_FA20:0","TAG",260446.000452677,707232.932540894
"[TG(60:7)]_FA20:0","TAG",175979.214205424,483267.908843994
"Cer(d14:2(4E,6E)/20:1(11Z))","Cer",38688.1862869263,119755.395682526
"ecdysone palmitate | CE(22:3) | 20:2 Stigmasteryl ester | 20:3 Sitosteryl ester","CE",665346.735809326,1038797.51000824
"PC(48:0)","PC",41472.4228248596,115394.2164505
"PG(38:1)","PG",835661.463562012,1222963.62314453
"PI(38:0) | PI(P-40:6)","PI",147998.375902812,442193.992633057
"PS(38:5)","PS",186550.370483398,298596.192126465
"[TG(56:0)]_FA18:0","TAG",582731.600176493,1528112.83552551
"PE(30:1)","PE",76600.1446501414,251375.550354004
"LPG(21:0)","PG",52249.0173441569,102624.999401855
"LPG(22:6) | PG(22:6)","PG",58380.2781677246,107311.827862549
"PS(38:4)","PS",363512.667093913,554394.562817383
"[TG(54:4)]_FA18:1","TAG",192414.347381592,570940.750506592
"CerP(d18:1/16:0)","Cer",2307.09348297119,5192.45232772827
"LPS(22:6) | PS(22:6)","PS",73491.2650044759,134535.152624512
"LPC(19:0)","PC",203808.071528117,558812.204180908
"LPI(12:0) | PI(12:0)","PI",734776.030180613,1955232.00727844
"PS(42:11)","PS",195512.334391276,305387.135595703
"[TG(60:12)]_FA20:0","TAG",162944.587704976,460744.849301147
"[TG(60:8)]_FA18:0","TAG",79520.2586644491,231304.568630981
"FA(28:0)","FA",2076852.2441686,5816148.87840424
"PS(O-40:6)","PS",704511.077707927,1930707.11751709
"[TG(52:2)]_FA16:1","TAG",226316.241780599,619324.757568359
"PS(38:2)","PS",1424837.24687703,2124755.4447998
"[TG(60:7)]_FA18:1","TAG",61608.7841033936,185590.369036865
"PI(44:4)","PI",21886.4848594666,76317.9413314819
"[TG(54:0)]_FA16:1","TAG",9236071.77607218,23360991.1418732
"LPC(18:3)","PC",191662.797676086,527638.956634521
"PS(38:1)","PS",838317.604980469,1232428.4166748
"PI(38:6)","PI",161590.814768473,253334.506994629
"SM(d18:2/14:0)","SM",183986.683230082,502133.119274902
"[TG(52:3)]_FA16:0","TAG",151271.244313558,435370.580603027
"[TG(52:5)]_FA16:0","TAG",65284.5377960205,204325.482736206
"[TG(54:7)]_FA18:1","TAG",103070.036616007,301573.284313965
"[TG(56:8)]_FA16:0","TAG",111410.754079183,320319.250216675
"LPC(19:2)","PC",235941.135019938,650289.893652344
"LPG(22:0) | PG(22:0)","PG",62391.2290039062,132429.568859863
"PE(40:0) | PE(P-42:6)_2","PE",81006.1418355306,461878.616516113
"PG(O-40:1)","PG",350804.0128479,534735.948547363
"[TG(58:8)]_FA18:1","TAG",113662.647394816,328506.102526855
"LPG(22:6) | PG(22:6)_2","PG",58879.7968546549,109665.907775879
"FA(14:0)","FA",822550.369801839,1454027.30750732
"[TG(58:2)]_FA18:0","TAG",158830.680328369,437996.715939331
"LPS(20:1) | PS(20:1)","PS",92951.7294108073,202964.331152344
"[TG(56:8)]_FA16:1","TAG",145473.087732951,418591.965734863
"16:2 Campesteryl ester","CE",1347244.46868896,2100918.02433014
"PE(P-16:0)","PE",128008.841986974,383136.783456421
"[TG(52:1)]_FA16:0","TAG",234913.161468506,630929.706793213
"PG(O-38:1)","PG",395017.200164795,612626.828033447
"SM(d18:1/14:0)","SM",173777.25268809,473190.486956787
"[TG(54:8)]_FA20:4","TAG",125882.53116862,351974.014501953
"[TG(56:4)]_FA20:4","TAG",358113.020060221,1059493.46879883
"[TG(56:7)]_FA20:0","TAG",216029.48802948,578597.567398071
"[TG(60:6)]_FA18:1","TAG",49901.7698682149,155161.803289795
"16:3 Campesteryl ester","CE",1333972.07730357,2084146.4182663
"CE(17:1) | 16:1 Campesteryl ester_2","CE",1344427.71127319,2106882.983078
"Cer(d14:1(4E)/20:1(11Z)(2OH))","Cer",83456.1323286692,232123.544193268
"Cer(d16:2(4E,6E)/22:1(13Z)(2OH))","Cer",125618.741583506,206798.818489075
"LPC(18:4)","PC",141485.660761515,389158.018737793
"LPE(15:1)","PE",160701.403441111,451476.132495117
"LPI(15:0) | PI(O-16:0)_2","PI",8239528.4738973,12968222.7156494
"LPS(20:1) | PS(20:1)_2","PS",82807.7947998047,187555.100683594
"LPS(20:2) | PS(20:2)_2","PS",102927.284281413,351885.32232666
"PC(48:2)","PC",36039.819056193,100552.503102112
"PG(20:0)","PG",52974.2404378255,105634.994482422
"[TG(54:5)]_FA18:0","TAG",79222.2521298726,231623.888092041
"[TG(54:2)]_FA18:1","TAG",280269.081848145,760032.250463867
"[TG(52:1)]_FA18:1","TAG",289138.269205729,900540.650830078
"[TG(58:3)]_FA18:0","TAG",86564.5061340332,247058.258065796
"[TG(58:9)]_FA18:2","TAG",112407.568303426,326829.75871582
"[TG(60:3)]_FA20:0","TAG",77796.4554545085,223387.261500549
"LPI(12:0) | PI(12:0)_3","PI",724924.789279938,1885357.65220032
"[TG(56:1)]_FA18:1","TAG",502064.596288045,1299829.32612305
"[TG(60:8)]_FA18:1","TAG",59522.9876505534,182578.916470337
"LPC(19:1)","PC",237187.068394979,634070.936669922
"PE(36:4)","PE",111540.310923258,191998.221063232
"[TG(48:0)]_FA18:1","TAG",184947.135403951,508418.654618835
"[TG(60:8)]_FA18:2","TAG",59576.9443918864,177898.109109497
"CerP(d18:1/20:0)","Cer",2698.48685201009,5899.20442962646
"LPS(20:2) | PS(20:2)","PS",108653.336629232,356384.014099121
"PE(42:2)_2","PE",283477.758954366,828891.642976379
"PG(36:2)","PG",502351.444295247,764377.89753418
"PS(42:4)","PS",201486.929499308,572163.775775146
"[TG(54:1)]_FA18:0","TAG",284567.69295756,755116.737237549
"CE(17:1) | 16:1 Campesteryl ester","CE",1381441.83758545,2187277.56475525
"SM(d18:0/14:0)","SM",159572.604324341,434355.997833252
"LPS(22:6) | PS(22:6)_2","PS",67829.7163492838,132169.677709961
"PG(34:1)","PG",215003.348866781,348631.497607422
"PE(32:3)","PE",73744.9894676208,261794.311132812
"[TG(54:6)]_FA20:0","TAG",90811.7693099976,253964.066778564
"22:3 Campesteryl ester","CE",517523.186189016,833164.81399765
"PG(O-40:0)","PG",330421.326833089,516242.202941895
"[TG(56:2)]_FA18:2","TAG",492932.560328166,1265502.96810913
"LPG(22:0) | PG(22:0)_2","PG",64832.1078491211,138238.286401367
"LPI(14:0) | PI(14:0)","PI",1391.47676404317,3109.5842124939
"LPI(22:4) | PI(22:4)","PI",98047.9835338593,304656.827149963
"PG(40:7)","PG",343109.196512858,535432.309088135
"PE(42:1)","PE",122126.968995412,374548.403649902
"LPI(12:0) | PI(12:0)_2","PI",753507.162619273,1934097.504216
"LPI(15:0) | PI(O-16:0)","PI",8112598.0535787,13014585.973291
"[TG(50:1)]_FA18:0","TAG",265881.998748779,754422.252502441
"[TG(60:8)]_FA20:0","TAG",152043.371022542,411370.907739258
"17:0 Campesteryl ester_simulated | CE(18:0) | 16:0 Sitosteryl ester","CE",1229735.12489192,1984286.55102005
"[TG(56:6)]_FA18:2","TAG",693468.378326416,1040907.78637085
"[TG(58:5)]_FA20:4","TAG",225516.748573303,587439.982424927
"[TG(58:1)]_FA20:0","TAG",204937.8187205,533592.573794556
"PI(42:10)","PI",40813.4996611277,125546.70940094
"[TG(60:11)]_FA20:4","TAG",188356.126780192,495927.772930908
"LPI(22:4) | PI(22:4)_2","PI",101559.710919698,310089.180874634
"[TG(56:5)]_FA18:1","TAG",695207.709147135,1048080.57095032
"[TG(60:12)]_FA20:4","TAG",154118.334437052,420917.932220459
"PS(O-20:0)","PS",28853.9999186198,114202.615380859
"[TG(52:6)]_FA18:2","TAG",68279.3145548503,241954.857913208
"[TG(52:5)]_FA20:4","TAG",180938.285878499,493783.295355225
"[TG(60:6)]_FA20:0","TAG",165321.318051656,459298.796221924
"[TG(60:6)]_FA20:4","TAG",145532.524810791,394222.027876282
"[TG(58:9)]_FA18:1","TAG",88817.2870279948,261537.506286621
"[TG(60:10)]_FA20:4","TAG",177273.33286794,483604.130078125
"[TG(60:7)]_FA18:2","TAG",48923.4500020345,149587.247344971
"Cer(d14:2(4E,6E)/18:1(9Z)(2OH))","Cer",29162.8219896952,88660.2578491211
"LPE(20:4)","PE",26829.8450215658,90786.7855224609
"PG(O-42:6)","PG",153557.76848348,487841.090429688
"PS(O-38:4)","PS",157110.748199463,277746.178417969
"[TG(48:3)]_FA18:2","TAG",204997.552515666,548270.414001465
"LPC(10:0)","PC",18340.2513376872,43925.0272399902
"[TG(58:7)]_FA18:1","TAG",149122.946456909,406440.970751953
"16:0 Campesteryl ester | CE(17:0)_2","CE",1526404.5309728,2448573.14708557
"[TG(52:4)]_FA18:2","TAG",237347.181925456,682454.934790039
"[TG(54:6)]_FA18:1","TAG",79424.8361968994,226863.564096069
"[TG(58:8)]_FA18:2","TAG",148022.492970785,401711.704193115
"[TG(60:6)]_FA18:2","TAG",43219.3728281657,131935.249307251
"1-O-carboceroyl-Cer(d18:1/18:0)","Cer",137.343353907267,2336.58022384644
"Cer(d18:1/24:0)","Cer",2332.02015749613,5509.06436691284
"LPS(12:0) | PS(12:0)","PS",32037.4794387817,64869.6445030212
"PC(O-32:1)","PC",1007946.05484517,1571305.07797852
"PS(22:7)","PS",70545.6621195475,142287.926538086
"PS(34:4)","PS",174905.15246582,319889.19564209
"PS(O-38:5)","PS",129442.301859538,227335.176049805
"[TG(56:4)]_FA20:0","TAG",92897.053024292,260662.970254517
"PC(O-32:2)","PC",1007177.4111735,1577322.0443634
"[TG(52:4)]_FA20:0","TAG",63741.7976932526,178615.604075623
"[TG(58:2)]_FA20:4","TAG",183654.583943685,487126.606530762
"PG(32:4)","PG",63471.1484069824,124308.585412598
"SM(d18:0/12:0)","SM",215821.246882121,550086.545617676
"PI(20:1)","PI",130490.51109314,260451.602255249
"PI(P-42:2)","PI",34131.9189961751,108043.93547287
"PG(42:1)","PG",97789.2807820638,192604.153027344
"[TG(56:6)]_FA16:0","TAG",202808.221247355,540102.683889771
"[TG(60:5)]_FA18:1","TAG",45797.8066864014,135826.793478394
"[TG(50:0)]_FA16:1","TAG",94485.1903025309,279854.211340332
"[TG(54:5)]_FA18:2","TAG",135208.078511556,404292.257385254
"[TG(58:10)]_FA18:2","TAG",88549.0868988037,256380.946911621
"[TG(60:9)]_FA18:2","TAG",62798.900894165,182948.712872314
"16:0 Campesteryl ester | CE(17:0)","CE",1520015.84119797,2469673.46054459
"LPG(14:1) | PG(14:1)_2","PG",262.833348592122,2931.93622817993
"LPI(20:5) | PI(20:5)","PI",56104.0375124613,119637.943972778
"LPI(20:5) | PI(20:5)_2","PI",58650.8571599324,124429.056419373
"PE(O-38:5)","PE",83903.825920105,155119.635253906
"PG(32:5)","PG",65867.1541697184,125754.322180176
"PI(32:3)","PI",45241.5897293091,155172.806672668
"PS(32:0)","PS",137470.395528158,272219.927416992
"PS(O-36:5)","PS",104978.357381185,200915.581323242
"LPI(21:0)","PI",80952.4819717407,164456.507449341
"LPS(22:0 | PS(22:0)","PS",74446.4121500651,171589.355786133
"PI(34:2)","PI",111456.957051595,234601.348071289
"PS(34:1)","PS",218211.203013102,366081.916772461
"SM(d18:1/12:0)","SM",194434.695821126,500866.069934082
"[TG(60:11)]_FA18:1","TAG",51544.3969828288,147742.498080444
"[TG(56:0)]_FA18:2","TAG",507223.268941243,1256908.64879456
"[TG(58:5)]_FA18:0","TAG",172888.012405396,453127.005987549
"[TG(60:7)]_FA20:4","TAG",89002.3086789449,241523.540609741
"LPE(15:0)","PE",98702.2465413411,286566.276489258
"LPS(15:0) | PS(O-16:0)","PS",187167.659667969,436912.96640625
"PI(40:2)","PI",80978.0288130442,231398.297353363
"LPC(17:1)","PC",268301.557331085,675334.530682373
"[TG(54:3)]_FA20:4","TAG",153518.874679565,421044.341204834
"[TG(56:6)]_FA20:4","TAG",241115.244344076,727032.124743652
"17:1 Campesteryl ester_simulated | CE(18:1) | 16:0 Stigmasteryl ester | 16:1 Sitosteryl ester","CE",1623348.47837448,2672126.22082748
"[TG(52:1)]_FA20:4","TAG",93535.0287068685,251204.169355774
"Cer(d14:2(4E,6E)/18:1(9Z))","Cer",27965.5885791779,83901.8894798279
"PS(36:1)","PS",1100336.09863281,1607757.6328125
"[TG(58:9)]_FA20:0","TAG",160113.227205912,414785.90907898
"LPS(21:0)","PS",68770.5053710938,141630.451574707
"PI(38:0) | PI(P-40:6)_2","PI",208798.949689229,567666.312680054
"CE(20:5)","CE",1382803.07528051,2251978.49733353
"[TG(58:3)]_FA20:0","TAG",83192.9586550395,223438.73944397
"22:0 Sitosteryl ester","CE",1296940.1963412,2091777.82491379
"PE(18:3)","PE",55933.5707321167,180132.716873169
"[TG(52:0)]_FA20:0","TAG",139047.303059896,384097.819378662
"17:1 Campesteryl ester_simulated | CE(18:1) | 16:0 Stigmasteryl ester | 16:1 Sitosteryl ester_2","CE",1617878.47634252,2670875.04186478
"[TG(56:8)]_FA20:0","TAG",162831.031570435,420519.788824463
"PE(O-32:5)","PE",57551.7413660685,189105.452978516
"[TG(56:0)]_FA18:1","TAG",13318134.3362503,31659859.7058228
"PG(34:6)","PG",73856.5319417318,187809.822290039
"[TG(60:2)]_FA18:1","TAG",41262.7960968018,123992.736660767
"[TG(58:10)]_FA18:1","TAG",59728.0744374593,178299.928222656
"[TG(60:9)]_FA20:0","TAG",91412.1659596761,248593.000448608
"PE(42:5)","PE",39846.6866035461,139448.879003906
"[TG(54:2)]_FA18:2","TAG",225190.150899251,749835.272558594
"[TG(56:1)]_FA18:2","TAG",13345120.571818,31580482.4855408
"[TG(56:3)]_FA18:1","TAG",80466.1852925618,232609.58901062
"[TG(58:10)]_FA18:0","TAG",91769.5793711344,240943.947607422
"[TG(58:2)]_FA20:0","TAG",119603.407534281,310555.222799683
"22:1 Campesteryl ester","CE",1127135.86077881,1802829.4207634
"22:2 Campesteryl ester","CE",926431.663036346,1493794.18928146
"LPG(22:4) | PG(22:4)_2","PG",46213.8397013346,105992.342529297
"LPI(18:0) | PI(18:0)_2","PI",215646.502545675,624190.531433105
"PE(O-34:3)","PE",49202.1169687907,160514.49566803
"PI(O-32:0)","PI",147572.894022624,298264.792663574
"PS(34:6)","PS",95137.8973795573,225136.509570313
"PS(40:5)","PS",235051.740275065,394879.433349609
"LPC(15:1)","PC",256794.36756897,624098.106915283
"17:0 Campesteryl ester_simulated | CE(18:0) | 16:0 Sitosteryl ester_2","CE",1219119.79564921,2039046.99576416
"[TG(56:6)]_FA20:0","TAG",101679.076548258,270556.951287842
"PE(42:2)","PE",312865.83618482,854098.658692932
"PG(24:0)","PG",72907.6579386393,156354.710546875
"PI(32:1)","PI",153846.980682373,318129.734655762
"[TG(56:5)]_FA20:0","TAG",71904.5650024414,199295.287103271
"[TG(54:0)]_FA18:2","TAG",67524.7890014648,198709.25246582
"LPC(17:0)","PC",201160.194241842,493374.37588501
"PE(28:0)","PE",63058.1719493866,190664.917259216
"CE(22:0) | 20:0 Sitosteryl ester","CE",550478.291940053,930078.113698578
"PE(44:6)","PE",37613.3057327271,129391.860452271
"[TG(58:6)]_FA20:4","TAG",139526.605946859,358213.300738525
"FA(24:1)","FA",1042352.51787821,2804800.68280487
"LPI(20:1)","PI",122325.592844645,257072.687646484
"LPE(17:0)","PE",59984.4005025228,196424.789367676
"PS(P-42:4)","PS",172671.835449219,293690.334680176
"[TG(52:3)]_FA20:4","TAG",122803.00193278,321279.430010986
"[TG(56:7)]_FA16:1","TAG",202599.500213623,526683.464941406
"CE(24:1) | 22:0 Stigmasteryl ester | 22:1 Sitosteryl ester","CE",1299911.90277481,2134986.18951797
"LPI(16:1) | PI(16:1)","PI",528000.608622233,952733.945117187
"LPI(16:1) | PI(16:1)_2","PI",530530.043917338,958993.747052002
"PC(O-32:3)","PC",985506.312105815,1613121.65897827
"[TG(56:2)]_FA20:0","TAG",179728.541305542,477184.669616699
"FA(24:0)","FA",1699971.72359339,2997948.08609924
"LPC(17:2)","PC",259509.174705505,634971.938677978
"LPC(20:5)","PC",126671.479712168,324013.99433136
"LPS(15:0) | PS(O-16:0)_2","PS",195096.67191569,437797.692480469
"PE(44:8)","PE",45608.8433526357,151827.163723755
"PI(P-28:0)","PI",240114.12216568,642637.216692352
"22:0 Campesteryl ester","CE",1163195.98342133,1884304.65661545
"PI(30:3)","PI",52381.9003416697,155070.639202881
"PI(P-36:5)","PI",88800.1602884928,206235.183178711
"18:0 Campesteryl ester | 19:0 cholesteryl ester_simulated | 17:0 sitosteryl ester_simulated_2","CE",1373526.40917206,2293310.60894928
"Cer(d14:2(4E,6E)/20:1(11Z)(2OH))","Cer",37746.9395167033,108565.76381073
"LPG(22:4) | PG(22:4)","PG",44442.2864379883,106986.096105957
"PG(36:1)","PG",1072110.31730143,1645349.37109375
"PS(32:5)","PS",76641.6253560384,148177.490795898
"PC(O-32:0)","PC",997407.138552348,1609445.64491577
"PG(32:1)","PG",152114.650014242,274948.750708008
"18:0 Campesteryl ester | 19:0 cholesteryl ester_simulated | 17:0 sitosteryl ester_simulated","CE",1379200.09485499,2304832.2700798
"PE(O-32:1)","PE",85004.7866923014,267119.304440308
"[TG(56:8)]_FA20:4","TAG",105395.077590942,290393.812457275
"Lyso_Sphinganine-1-phosphocholine","SM",112315.567606608,304414.100683594
"PE(O-42:0)","PE",38341.1728146871,144968.30582428
"[TG(50:2)]_FA18:1","TAG",315258.215087891,879915.996362305
"FA(24:6)","FA",1985195.91181691,3503358.37789459
"[TG(48:2)]_FA16:1","TAG",165726.591705322,450888.112231445
"[TG(60:4)]_FA18:2","TAG",41748.3396682739,122831.948498535
"PI(44:5)","PI",20606.614765803,66361.7766265869
"[TG(56:4)]_FA18:2","TAG",83784.72853597,233211.435742187
"LPC(14:0)","PC",110938.558209737,294161.401602173
"PE(O-38:4)","PE",88096.9588661194,175128.872320557
"LPI(18:0) | PI(18:0)","PI",222705.119043986,623743.90725708
"[TG(48:1)]_FA16:0","TAG",171010.348592122,459538.735375977
"[TG(54:1)]_FA20:0","TAG",101534.906539917,324070.203637695
"[TG(54:3)]_FA18:2","TAG",187710.186096191,498476.235668945
"[TG(54:7)]_FA16:1","TAG",167015.912033081,418268.515386963
"[TG(56:1)]_FA20:0","TAG",241381.97056071,591055.494293213
"[TG(56:1)]_FA20:4","TAG",91503.5865859985,247820.775027466
"[TG(56:5)]_FA20:4","TAG",275122.093180339,686613.482678223
"[TG(56:6)]_FA16:1","TAG",128440.152033488,335543.09473877
"[TG(58:6)]_FA18:1","TAG",118245.995145162,308894.899118042
"[TG(58:6)]_FA20:0","TAG",188069.132873535,467945.979290771
"[TG(58:7)]_FA20:4","TAG",103971.597465515,266120.898016357
"[TG(60:9)]_FA18:1","TAG",57314.7509028117,162054.723400879
"22:1 Stigmasteryl ester | 22:2 Sitosteryl ester","CE",1295593.79758581,2162005.44005432
"Cer(t18:0/26:0(2OH))","Cer",14577.3243929545,21151.8332054138
"Cholesteryl 11-hydroperoxy-eicosatetraenoate | CE(22:2) | 20:1 Stigmasteryl ester | 20:2 Sitosteryl ester","CE",520066.220821381,906749.619605255
"LPC(6:0)","PC",46288.6368357341,89465.6503845215
"LPE(17:1)","PE",79175.0459709167,237562.4602005
"PC(46:0)","PC",33007.3392136892,87427.2816047668
"PE(42:6)","PE",52175.9370765686,179360.864904785
"PE(44:0)","PE",29706.9518343608,104440.899489594
"PE(44:12)","PE",37922.0631713867,126127.585113525
"PE(44:3)","PE",33297.3959649404,112851.475469208
"PG(22:2)","PG",6130.41373189292,169850.023742676
"PG(38:4)","PG",350373.890279134,610384.416174316
"PG(44:4)","PG",57379.1609369914,174430.056347656
"PI(24:0)","PI",70679.7718760173,149547.466545105
"PI(32:0)","PI",278239.476582845,618677.395776367
"PI(44:12)","PI",27092.6652501424,85818.0266052246
"PS(32:1)","PS",158583.267578125,293727.363208008
"PS(36:2)","PS",470068.951334635,780248.020666504
"LPI(18:1) | PI(18:1)","PI",190438.960599263,515144.758572388
"[TG(54:0)]_FA20:0","TAG",140532.762695312,408893.460925293
"[TG(54:8)]_FA18:2","TAG",91909.9131469727,255914.258349609
"[TG(56:3)]_FA20:4","TAG",168565.955505371,421240.535681152
"[TG(58:9)]_FA20:4","TAG",132486.65936025,329685.751477051
"[TG(60:3)]_FA18:1","TAG",43887.0764745077,124419.744781494
"22:3 Stigmasteryl ester","CE",1239488.04233805,2050494.93039322
"CE(22:1) | 20:0 Stigmasteryl ester | 20:1 Sitosteryl ester","CE",534291.088391622,928886.146179199
"LPC(15:0)","PC",249644.921966553,583766.571047974
"LPE(20:2)","PE",58495.1808191935,184217.541146851
"PE(52:4)","PE",18587.2678464254,64382.095980835
"PE(O-42:6)","PE",55688.6202290853,200769.670849609
"PS(44:4)","PS",64579.9508387248,192170.050132751
"PS(O-40:2)","PS",177762.382334391,312128.097497559
"[TG(58:5)]_FA20:0","TAG",123402.073509216,306528.902128601
"[TG(60:10)]_FA18:1","TAG",48450.2237141927,135063.589596558
"16:3 Stigmasteryl ester","CE",1957664.34594472,3356593.15416718
"LPC(16:1)","PC",311066.71389389,736286.400140381
"PG(O-34:0)","PG",112584.548380534,253671.480786133
"[TG(50:1)]_FA18:2","TAG",57383.1177546183,160903.894815063
"PG(38:8)","PG",312348.953674316,547960.765270996
"LPC(16:1)_2","PC",308788.800109863,726972.374615479
"PG(34:0)","PG",150940.250834147,274408.023608398
"[TG(58:4)]_FA18:2","TAG",130828.973678589,338895.339419556
"CE(18:2) | zymosteryl oleate | 16:1 Stigmasteryl ester | 16:2 Sitosteryl ester","CE",1889492.39664968,3243061.62699738
"LPC(9:0)","PC",20217.171178182,47939.9230651855
"LPG(22:2)","PG",11661.4359283447,176265.103857422
"LPI(18:4) | PI(18:4)_2","PI",64414.824663798,135501.057022095
"LPS(22:0 | PS(22:0)_2","PS",68678.2022094727,173684.529174805
"PG(O-36:5)","PG",77929.7126057943,167411.75291748
"[TG(56:5)]_FA16:0","TAG",134498.499359131,346394.114953613
"[TG(58:7)]_FA18:2","TAG",118552.9043986,307660.465420532
"LPC(14:1)","PC",125745.661814372,321647.089050293
"Lyso_Sphingosine-1-phosphocholine","SM",123915.882115682,320398.619244385
"PS(O-32:1)","PS",164465.830525716,351502.480810547
"LPI(18:1) | PI(18:1)_2","PI",185194.676399231,499577.883607483
"PI(P-20:0)","PI",143416.319376628,298112.241064453
"PE(P-30:1)","PE",67330.9743944804,194372.954376221
"[TG(58:7)]_FA20:0","TAG",482240.437398275,775442.780187988
"PE(36:1)","PE",152104.999732971,387257.911303711
"[TG(54:1)]_FA18:2","TAG",100669.420448303,272566.155496216
"Cer(d18:1/22:0)","Cer",2748.59348805745,7359.05251922607
"[TG(54:2)]_FA20:4","TAG",90404.1798171997,232709.456478882
"LPC(16:0)","PC",248650.798177083,589346.027832031
"[TG(60:12)]_FA18:2","TAG",51062.1565551758,141484.434124756
"Cer(d14:2(4E,6E)/18:0(2OH))","Cer",29041.6122614543,82115.545652008
"PE(44:7)","PE",46638.7362531026,147300.909564209
"[TG(60:3)]_FA18:2","TAG",44412.2829055786,124052.152099609
"[TG(58:5)]_FA18:2","TAG",68194.6753540039,186859.744671631
"PI(36:4)","PI",183095.919956207,335874.847787476
"18:3 Campesteryl ester","CE",1626849.53263474,2815706.22249985
"PS(O-40:6)_2","PS",457639.30082194,781809.667358398
"[TG(58:10)]_FA20:4","TAG",215069.90296936,516671.16050415
"CE(18:3) | 16:2 Stigmasteryl ester | 16:3 Sitosteryl ester","CE",1961549.3257726,3399041.12084198
"PE(42:11)","PE",38948.4458974202,135824.530134583
"[TG(60:11)]_FA18:2","TAG",48967.0400644938,132805.80223999
"PS(O-42:6)","PS",214384.685028076,577616.911975098
"1-O-cerotoyl-Cer(d18:1/18:0)","Cer",2550.39017359416,6416.19247589111
"PE(38:5)","PE",96850.2227452596,184787.820629883
"PG(O-40:2)","PG",148540.374633789,274016.039465332
"[TG(48:0)]_FA18:2","TAG",71149.7385482788,192179.222335815
"[TG(52:5)]_FA20:0","TAG",71751.9520212809,184098.052807617
"PG(36:7)","PG",191542.000223796,348218.060266113
"PG(O-34:4)","PG",77454.8991038004,155697.963232422
"LPC(20:4)","PC",122921.756113688,300896.703747559
"LPG(12:0)","PG",36144.1893208822,80362.8983825684
"22:2 Stigmasteryl ester | 22:3 Sitosteryl ester","CE",1282610.00173314,2184599.73763885
"PG(32:0)","PG",93559.6272481283,257370.700109863
"LPI(19:1)","PI",141005.410451253,298807.533776855
"PE(P-28:0)","PE",117201.485908508,304779.160479736
"PS(O-34:0)","PS",171524.874552409,331263.865478516
"PE(34:2)","PE",67587.9514719645,198093.800244141
"LPG(19:1)","PG",65162.6175638835,141581.145739746
"PE(42:0)","PE",38896.3464241028,128582.944537354
"[TG(50:0)]_FA16:0","TAG",184290.357686361,537209.309362793
"[TG(52:1)]_FA18:0","TAG",236269.77889506,605941.245227051
"LPE(18:4)","PE",56915.4543380737,185981.880383301
"PE(20:2)","PE",47979.503803889,146576.859767151
"PE(44:5)","PE",30781.6687634786,104568.727648926
"PS(32:4)","PS",62256.4872894287,137690.545831299
"PS(O-40:3)","PS",111324.581258138,217143.896228027
"[TG(52:0)]_FA18:2","TAG",63462.1782633464,174218.87671814
"[TG(60:10)]_FA18:2","TAG",57628.1211242676,156762.554507446
"PE(16:0)","PE",49792.5005086263,152515.742519379
"[TG(52:0)]_FA20:4","TAG",554566.406570435,1265919.29580688
"[TG(52:1)]_FA18:2","TAG",83099.0552825928,231865.740365601
"PS(38:8)","PS",385688.200653076,679910.041687012
"lanosteryl palmitoleate | 18:2 Campesteryl ester","CE",1627966.34754054,2854900.75854416
"[TG(58:3)]_FA18:1","TAG",133683.742968241,336700.331222534
"PE(36:5)","PE",45655.5767351786,105448.991560364
"PI(O-34:4) | PI(P-34:3)","PI",63058.4940401713,129375.494586945
"PS(40:4)","PS",179833.692515055,327998.17923584
"[TG(48:0)]_FA16:0","TAG",250118.315266927,713194.607885742
"[TG(52:4)]_FA16:0","TAG",487644.391886393,837075.223199463
"18:1 Campesteryl ester","CE",1595726.97108332,2808503.83257828
"Cer(d18:1/18:1(9Z))","Cer",16919.714480718,28569.9539146423
"LPC(20:2)","PC",133919.782023112,328087.634570313
"LPG(20:0)","PG",44949.9491882324,112019.167504883
"LPS(20:0) | PS(20:0)","PS",58330.4744771322,146416.835559082
"PE(22:0)","PE",30641.6024119059,68959.4973609924
"PE(26:0)","PE",51525.3405647278,152961.726831055
"PE(O-34:0)","PE",60139.6809609731,180027.636923218
"PI(38:8)","PI",89561.0364882151,242602.583460999
"PI(P-32:1)","PI",43395.8101781209,136985.192874146
"PS(38:6)","PS",242550.143391927,446089.660656738
"PE(32:4)","PE",38264.6862462362,89378.3712799072
"PE(42:10)","PE",165120.338863373,423998.29753418
"LPG(20:4) | PG(20:4)_2","PG",46658.6831614176,106345.462817383
"PG(O-36:0)","PG",190645.07669576,349456.201947021
"PS(O-34:1)","PS",132343.743550618,259732.883215332
"PE(O-30:0)","PE",96324.350218455,189587.12081604
"PG(30:0)","PG",108791.903788249,238636.317260742
"LPE(17:2)","PE",87888.5866851807,274700.043518066
"Cer(d14:1(4E)/24:0(2OH))","Cer",58183.3611742655,151546.254290771
"[TG(58:4)]_FA18:1","TAG",64970.8246612549,172459.704327393
"PG(36:5)","PG",76662.1119791667,165711.656274414
"PS(34:0)","PS",156587.571207682,307594.584436035
"PE(32:1)","PE",58894.8480262756,164568.635305786
"PI(44:3)","PI",23344.3883120219,67277.2888244629
"[TG(60:10)]_FA20:0","TAG",81206.1461283366,202331.258892822
"LPS(17:1) | PS(P-18:0)_2","PS",199309.034550985,510275.208959961
"[TG(52:5)]_FA16:1","TAG",472253.056655884,819231.619677734
"[TG(54:7)]_FA18:2","TAG",58442.6040496826,162870.823760986
"LPE(22:6)","PE",32737.4120559692,78571.3495819092
"LPG(20:4) | PG(20:4)","PG",46050.2099151611,105905.256277466
"LPI(22:0) | PI(22:0)","PI",142881.87552007,416658.138406372
"PI(42:6)","PI",42847.686272939,118435.244837952
"PS(P-40:2)","PS",107523.167582194,213825.855426025
"PS(36:5)","PS",92342.159962972,196137.481732178
"[TG(50:2)]_FA18:2","TAG",87094.8964487711,232098.724359131
"[TG(54:4)]_FA20:4","TAG",185838.909871419,531984.61730957
"Cer(d18:2/18:1)","Cer",5523.52369626363,11642.1329345703
"LPC(20:3)","PC",129111.291987101,311330.669000244
"LPG(17:1) | PG(P-18:0)","PG",121040.885986328,321624.632159424
"[TG(50:2)]_FA16:1","TAG",187134.000996908,536333.337475586
"[TG(52:2)]_FA18:1","TAG",259451.078063965,667356.390844727
"PI(44:10)","PI",26407.2652804057,77990.4533416748
"PS(24:0)","PS",105921.990397135,243090.347583008
"PE(22:1)","PE",35997.9391759237,135030.705198669
"PE(O-40:6)","PE",952338.250662486,1784267.63369141
"[TG(56:4)]_FA16:0","TAG",244547.806442261,419446.177896118
"[TG(54:6)]_FA18:0","TAG",121658.411649068,298836.366827393
"Cer(d14:2(4E,6E)/16:0)","Cer",26650.2353674571,67500.2646530151
"LPE(18:2)","PE",73398.9081293742,200195.034967041
"PC(46:2)","PC",34643.7727533976,87307.9098167419
"PC(O-44:4)","PC",79669.5550880432,141371.222396851
"PE(18:1)","PE",139530.540019989,258985.814785767
"PE(42:9)","PE",112274.254608154,298627.29127121
"PE(44:1)","PE",27283.3885726929,93895.9422355652
"PE(O-34:2)","PE",74082.7857500712,201107.207019043
"PE(O-40:0)","PE",92127.7398986816,258750.346676636
"PG(30:4)","PG",45869.2601064046,104574.191516113
"PG(36:3)","PG",206733.973022461,388565.672149658
"PG(P-36:5)","PG",154450.057581584,295966.25526123
"PI(O-36:1) | PI(P-36:0)","PI",78514.6457061768,173124.237355041
"PS(28:0)","PS",754955.512573242,2344386.02141113
"[TG(54:3)]_FA16:1","TAG",127900.656010946,305578.347036743
"[TG(54:5)]_FA20:4","TAG",153895.189239502,445691.38873291
"[TG(58:4)]_FA20:0","TAG",88974.7697143555,217487.16293335
"Cer(d16:2(4E,6E)/24:0(2OH))","Cer",57017.1773236593,175971.8478508
"LPS(22:4) | PS(22:4)_2","PS",53418.7770284017,136899.700598145
"PC(46:1)","PC",33728.8588034312,84413.4861412048
"PG(36:6)","PG",106740.560897827,218972.919458008
"PG(40:10)","PG",92949.8934326172,192445.241821289
"PG(42:4)","PG",226744.74643453,553748.700921631
"PG(44:5)","PG",53913.8039855957,150886.50368042
"PI(40:4)","PI",172676.689937592,318907.631425476
"PG(40:8)","PG",261461.980895996,485566.662176514
"PG(O-32:0)","PG",104151.034851074,217992.695483398
"PI(36:8)","PI",83102.0757141113,182373.405145264
"PS(O-34:4)","PS",83915.9789326986,180722.897857666
"PE(22:4)","PE",17514.7381820679,66080.4933685303
"PG(38:9)","PG",252938.594960531,477851.311071777
"[TG(54:2)]_FA18:0","TAG",332392.294718424,866795.373876953
"FA(26:1)","FA",1377720.60277812,3229175.06394272
"LPS(18:3) | PS(18:3)_2","PS",159705.220932007,412757.490930176
"LPS(20:0) | PS(20:0)_2","PS",62521.6944580078,153773.605908203
"LPS(20:3) | PS(20:3)","PS",92297.9233703613,264823.640100098
"PE(P-30:0)","PE",119577.102917989,311008.417903137
"PE(P-42:4)","PE",50469.2810134888,145592.686882019
"PG(36:4)","PG",119845.147898356,246208.55411377
"PG(42:3)","PG",36812.5282796224,213946.482080078
"PG(O-32:1)","PG",152265.389790853,323166.510205078
"PG(O-38:2)","PG",257563.560028076,478905.223828125
"[TG(54:5)]_FA20:0","TAG",67857.5515988668,192394.746115112
"LPI(18:4) | PI(18:4)","PI",60727.9270973206,138214.89745636
"LPS(18:3) | PS(18:3)","PS",158132.742665609,408072.770098877
"PI(38:2)","PI",74623.6985651652,149651.446792603
"PI(38:3)","PI",102827.976839701,197039.830936432
"PS(40:8)","PS",311375.804412842,574357.724108887
"[TG(50:4)]_FA18:2","TAG",168858.021006266,440850.785095215
"[TG(54:6)]_FA16:0","TAG",189852.316889445,436254.203283691
"LPC(8:0)","PC",20669.2481587728,48375.4279418945
"LPG(17:1) | PG(P-18:0)_2","PG",122752.621907552,318093.86184082
"LPI(22:0) | PI(22:0)_2","PI",145260.305342356,412023.659025574
"LPS(17:1) | PS(P-18:0)","PS",208429.031494141,517591.237597656
"LPS(17:2)","PS",230984.620371501,595142.918908691
"LPS(22:2) | PS(22:2)","PS",103858.21450297,284737.556945801
"LPG(22:1) | PG(22:1)_2","PG",63385.0797983805,140104.280963135
"[TG(54:2)]_FA16:0","TAG",130600.482223511,306820.737719727
"[TG(58:10)]_FA20:0","TAG",184943.986755371,425165.10177002
"FA(30:0)","FA",1126709.06287575,2012622.38107224
"LPS(20:3) | PS(20:3)_2","PS",92152.7552134196,263243.06105957
"PG(30:2)","PG",93921.1733296712,207848.12277832
"PG(44:12)","PG",63861.1009852091,175679.313104248
"PG(O-38:6)","PG",133137.501505534,277862.418676758
"PI(42:4)","PI",27045.9851442973,80286.3012641907
"LPS(22:2) | PS(22:2)_2","PS",103924.780873617,285729.99083252
"PS(O-32:0)","PS",110112.900227865,240212.824853516
"PE(20:0)","PE",99235.9848696391,251232.315664673
"PG(44:10)","PG",64085.6807403564,175229.036972046
"PC(40:3)","PC",722491.760782878,1522134.00170898
"PI(28:0)","PI",145598.634140015,395644.277166748
"PS(O-38:6)","PS",149297.822265625,317408.091162109
"PS(30:0)","PS",119233.618021647,271955.315087891
"LPE(19:1)","PE",50207.1471735636,146558.13416748
"PS(44:10)","PS",66271.0748545329,186416.434179687
"PE(O-36:3)","PE",105640.127543132,268262.777398682
"[TG(50:3)]_FA16:0","TAG",132972.134023031,335409.683294678
"[TG(56:5)]_FA16:1","TAG",235474.865610758,414792.407849121
"LPE(22:0)","PE",32892.6322771708,80202.5824310303
"LPE(22:4)","PE",7395.07717132568,43581.3233764648
"LPS(22:4) | PS(22:4)","PS",51750.1840006511,137547.896459961
"PC(44:10)","PC",67586.0054550171,125220.456890869
"PE(42:7)","PE",51294.3872559865,159560.007943726
"PE(O-36:5)","PE",57097.9211730957,124473.393557739
"PE(O-42:2)","PE",84430.0525868734,227256.727792358
"PG(P-20:0)","PG",61821.6840057373,143669.533984375
"PI(36:2)","PI",130608.215929667,274917.566223145
"PI(O-30:0)","PI",114282.588012695,257717.506848145
"[TG(48:1)]_FA16:1","TAG",230256.995198568,640546.464404297
"LPC(22:2)","PC",317525.743896484,722035.055859375
"PE(40:8)","PE",83045.5186882019,232085.020698547
"[TG(54:3)]_FA18:1","TAG",343478.226257324,883867.637744141
"[TG(56:0)]_FA20:4","TAG",243070.336371104,547642.282678223
"LPC(20:1)","PC",146109.602783203,339484.785406494
"LPI(20:2) | PI(20:2)_2","PI",138060.282676697,350880.545204163
"PE(34:3)","PE",63390.7977549235,179492.452371216
"PE(36:7)","PE",61861.7274068197,169714.915840149
"PG(42:10)","PG",78519.3728383382,212625.487976074
"PG(42:6)","PG",120894.184926351,316518.957836914
"PG(O-38:3)","PG",306146.704549154,578917.649487305
"PS(30:2)","PS",88112.3426920573,222500.648925781
"PS(36:6)","PS",116737.622365316,244883.696838379
"[TG(48:1)]_FA18:2","TAG",150795.421796163,364330.19418335
"[TG(52:2)]_FA20:4","TAG",88546.7469609579,210194.123062134
"[TG(54:0)]_FA20:4","TAG",522986.567288717,1144285.48009644
"[TG(58:0)]_FA20:4","TAG",99704.4073613485,231795.967578125
"LPG(18:1) | PG(18:1)_2","PG",83213.5720926921,179722.04942627
"PE(O-36:4)","PE",68423.7116940816,192660.91005249
"PI(O-38:5) | PI(P-38:4)","PI",79844.705754598,165784.643745422
"PE(38:2)","PE",101679.107226054,262353.466133118
"LPI(20:2) | PI(20:2)","PI",135250.917303721,345585.084989929
"LPG(22:1) | PG(22:1)","PG",62671.2713928223,141941.827050781
"PG(P-42:2)","PG",77886.0148162842,210328.758361816
"PI(42:9)","PI",33958.1422621409,93328.4461410522
"LPC(11:0)","PC",23532.1785634359,57578.3836975098
"LPI(22:6) | PI(22:6)_2","PI",78404.999941508,174503.580609131
"PE(34:5)","PE",73685.3877944946,178042.009410095
"PS(36:7)","PS",198158.809956868,390173.209399414
"PS(44:5)","PS",57966.650815328,163742.046963501
"PS(P-28:0)","PS",396127.677398682,896931.092401123
"PS(P-32:1)","PS",71779.43800354,202553.938012695
"PS(P-42:2)","PS",88553.3601786295,233116.549298096
"PG(O-40:9)","PG",93616.4967651367,197609.68236084
"PS(32:3)","PS",112461.537144979,294779.678149414
"PS(42:6)","PS",119530.58803304,316310.682226563
"PE(O-38:0)","PE",88286.8863283793,246242.557948303
"PG(34:2)","PG",153060.778696696,305611.528991699
"PE(P-42:0)","PE",43852.9361635844,133117.073376465
"[TG(56:4)]_FA18:1","TAG",130217.249493917,299709.821780396
"PE(32:0)","PE",119999.541590373,364385.322140503
"PS(30:4)","PS",52924.5232289632,127795.633068848
"PS(O-36:3)","PS",198433.16003418,478553.764990234
"PI(42:5)","PI",33733.7421875,92926.7302932739
"[TG(56:6)]_FA18:0","TAG",236389.61050415,521233.360150146
"[TG(54:4)]_FA18:2","TAG",196993.338562012,560110.457348633
"PE(P-20:0)","PE",54179.9107081095,154006.106378174
"[TG(50:4)]_FA16:1","TAG",131241.946004232,326256.806933594
"[TG(54:5)]_FA18:1","TAG",365707.022059123,672479.550811768
"[TG(56:5)]_FA18:2","TAG",126631.449839274,292304.761578369
"[TG(58:8)]_FA20:4","TAG",113355.551091512,263681.109509277
"LPC(22:0)","PC",143308.423828125,375520.344775391
"LPI(20:4) | PI(20:4)","PI",54145.2771771749,120434.3095047
"PC(44:5)","PC",52700.5470441182,99211.5868118286
"PE(38:7)","PE",102382.406960805,268151.395176697
"PE(44:2)","PE",27516.5850842794,89165.9941886902
"PE(P-36:5)","PE",51794.4640019735,148746.161627197
"PG(O-30:1)","PG",281525.859792074,541884.287176514
"PI(36:6)","PI",71957.6983617147,157541.107896423
"PS(42:10)","PS",92997.8490702311,241000.072229004
"PS(O-38:2)","PS",267018.555643717,522312.895544434
"LPE(18:0)","PE",58491.1180394491,156836.675421143
"[TG(52:4)]_FA20:4","TAG",219445.721872965,543101.844506836
"PE(O-42:4)","PE",36778.6528778076,117179.704103088
"PG(O-40:4)","PG",85979.2559509277,190837.426184082
"LPC(13:0)","PC",59915.0476760864,146289.681130981
"[TG(54:3)]_FA16:0","TAG",284553.831110636,513762.30760498
"CerP(d18:1/12:0)","Cer",17127.2011362712,30390.3023582458
"PE(O-28:0)","PE",63268.7946968079,166625.165057373
"PE(O-34:4)","PE",40018.6025695801,96303.7945800781
"PG(40:6)","PG",337177.540679932,777795.591052246
"PG(O-40:5)","PG",138044.416666667,343232.376177979
"PS(P-36:5)","PS",157036.207448324,316501.592285156
"PI(36:7)","PI",78769.3792851766,175078.91307373
"PI(O-34:1) | PI(P-34:0)","PI",201420.218462626,433105.913165283
"PE(36:8)","PE",102283.077229818,216692.042889404
"PS(44:6)","PS",67683.8877360026,183186.281604004
"PE(22:6)","PE",43877.2398554484,107466.187051392
"LPG(20:3) | PG(20:3)","PG",59559.1834818522,182594.742633057
"PS(P-20:0)","PS",106095.096974691,236217.238513184
"LPG(18:1) | PG(18:1)","PG",82068.9128011068,182217.337609863
"LPC(4:0)","PC",71911.1261291504,179615.389050293
"LPC(12:0)","PC",37649.3892695109,104550.407998657
"PG(30:1)","PG",163066.970774333,330417.380926514
"PI(44:6)","PI",26452.9184964498,71023.9805885315
"[TG(54:4)]_FA18:0","TAG",365511.529012044,681186.47517395
"LPG(16:1) | PG(16:1)","PG",146113.656778971,311941.56907959
"LPG(18:3) | PG(18:3)","PG",64305.6971944173,229461.553063965
"LPI(20:3) | PI(20:3)","PI",54184.2799510956,131484.79387207
"LPI(22:1) | PI(22:1)","PI",101861.260696411,230142.961129761
"PE(18:2)","PE",63546.6749076843,169385.923065186
"PE(30:4)","PE",30391.2424723307,76477.0213638306
"PE(32:5)","PE",32226.8420333862,86962.8782348633
"PG(40:9)","PG",117531.902414958,248397.369763184
"PI(30:2)","PI",74498.2854995728,178473.693675232
"PS(42:0)","PS",77830.7092285156,208021.710498047
"PS(44:0)","PS",87951.4395777384,216753.360693359
"PS(44:7)","PS",95951.5261535645,237861.791082764
"PI(44:1)","PI",18990.6480007172,54858.2240440369
"PI(O-36:4) | PI(P-36:3)","PI",56526.9334392548,155501.578507996
"[TG(52:2)]_FA16:0","TAG",247232.35416158,565216.298278809
"[TG(58:5)]_FA18:1","TAG",254503.755154928,462999.173223877
"[TG(58:6)]_FA18:2","TAG",252788.913032532,461330.236016846
"LPI(18:2) | PI(18:2)_2","PI",150947.659933726,377109.562791443
"LPI(20:4) | PI(20:4)_2","PI",51584.1272761027,118873.005429077
"LPS(15:1)","PS",219063.811747233,617498.249804687
"LPS(19:1)","PS",102328.213439941,238402.276904297
"PE(O-36:1)","PE",96030.2294858297,203505.245825195
"PG(O-28:0)","PG",171041.331970215,402533.487817383
"PS(42:8)","PS",96321.7364603678,250171.14553833
"PE(21:0)","PE",25702.0085080465,68713.9647140503
"PI(O-40:4) | PI(P-40:3)","PI",58390.2973117828,151972.686981201
"PC(44:8)","PC",59566.8676427205,113979.743902588
"PE(34:4)","PE",55496.0173517863,145920.751182556
"[TG(54:4)]_FA16:1","TAG",275741.726716359,504470.140319824
"LPI(22:1) | PI(22:1)_2","PI",92398.6169052124,216919.606048584
"PC(44:6)","PC",55640.0507278442,107447.879946899
"PC(O-44:3)","PC",65376.3617757161,125777.625775146
"PE(36:0)","PE",92253.3440157572,243207.092555237
"PE(P-36:6)","PE",100582.513753255,259441.528259277
"PI(40:7)","PI",73587.5348561605,187136.168092346
"LPI(17:2)","PI",131544.679705302,340972.219894409
"PG(44:3)","PG",62002.4076970418,162333.975222778
"PC(44:12)","PC",87250.1591097514,162743.996000671
"PE(O-40:4)","PE",53678.5237884521,130441.228900146
"PG(38:6)","PG",178687.875356038,370220.846643066
"PG(P-38:6)","PG",259733.288248698,537601.75423584
"PS(O-28:0)","PS",225179.33678182,532237.201452637
"Cer(d18:0/18:0)","Cer",14361.9177068075,31724.4986236572
"LPE(20:0)","PE",97837.3967145284,235268.926229858
"LPG(16:1) | PG(16:1)_2","PG",147596.540552775,315432.048510742
"LPG(18:3) | PG(18:3)_2","PG",63102.889734904,226848.620263672
"Lyso_C17sphingosine-1-phosphocholine","SM",59755.1005045573,146130.726409912
"PI(40:5)","PI",55995.5401884715,167377.366963196
"PI(42:0)","PI",33499.5622501373,88227.2222114563
"PI(42:8)","PI",43418.6395333608,111589.348352814
"PI(O-36:3) | PI(P-36:2)","PI",96208.2364985148,224834.755239105
"PS(36:4)","PS",130408.415527344,283585.633190918
"PS(36:8)","PS",288564.138590495,576579.609863281
"Cer(d18:1/18:0)","Cer",17186.7145595551,31180.250126648
"LPE(21:0)","PE",36596.226155599,93047.5429443359
"PC(44:4)","PC",48631.1235555013,94894.4109313965
"PG(42:7)","PG",92124.1497853597,241751.52857666
"PG(O-36:1)","PG",293059.497263591,586392.373693848
"PI(44:7)","PI",30342.9254493713,82948.5138961792
"PS(36:3)","PS",218248.669087728,443436.316601562
"PS(44:8)","PS",64142.1481323242,169114.931622314
"LPS(16:0) | PS(16:0)","PS",234824.926167806,562259.310314941
"PE(46:1)","PE",28403.8388595581,86881.0942428589
"LPI(18:2) | PI(18:2)","PI",152549.777253469,374691.836270142
"LPI(20:3) | PI(20:3)_2","PI",57873.7612984975,138012.860886383
"PE(36:3)","PE",83507.6760215759,213575.014825439
"PG(42:5)","PG",80609.9625345866,204920.115533447
"PG(44:7)","PG",88039.77161026,212665.429852295
"PG(P-28:0)","PG",344486.538930257,756179.557580566
"PI(44:0)","PI",25060.6084060669,66437.5126235962
"PS(30:1)","PS",168146.358764648,362680.395507812
"PS(O-38:3)","PS",364268.587036133,715796.866748047
"PE(O-36:0)","PE",61623.2113672892,158231.903070068
"PG(44:1)","PG",49077.7236626943,135594.170722961
"LPC(24:0)","PC",234099.116826375,526709.057739258
"LPE(24:0)","PE",31004.3020401001,85380.3417053223
"PC(44:2)","PC",44798.6001205444,88570.2180664062
"PE(O-38:3)","PE",71014.434820811,179900.133772278
"PG(O-42:0)","PG",85643.3094278971,224231.175738525
"PG(O-34:2)","PG",101975.186553955,218081.111004639
"PS(42:7)","PS",104979.341288249,270733.734472656
"[TG(48:2)]_FA16:0","TAG",87393.6357727051,228370.293463135
"PI(O-30:1)","PI",203670.000068665,494256.878862
"PE(40:4)","PE",68039.341342926,158967.679824829
"[TG(56:3)]_FA18:0","TAG",209320.290331523,444122.134439087
"LPE(12:0) | PE(12:0)_2","PE",18275.744661967,57678.9279571533
"PE(32:2)","PE",58036.3810119629,165281.675708008
"PE(38:8)","PE",142543.525919596,309427.119018555
"PE(40:2)","PE",94625.4679819743,218912.16267395
"PI(O-28:0)","PI",118556.805306753,270077.393850708
"PS(38:9)","PS",278391.777893066,566893.374920654
"LPS(16:0) | PS(16:0)_2","PS",240074.662424723,558439.606726074
"PE(38:0)","PE",104234.866925557,269608.179171753
"PE(40:7)","PE",104027.19426473,269604.454727173
"PE(O-38:2)","PE",105231.794059753,262205.806237793
"PG(O-42:4)","PG",96365.1801656087,206717.222827148
"PI(O-40:1) | PI(P-40:0)","PI",61927.1542447408,154508.978591919
"PG(44:0)","PG",78455.7382863363,190276.853363037
"PS(28:2)","PS",164322.501037598,383423.47442627
"PS(40:1)","PS",149686.649932861,357841.371972656
"PE(40:3)","PE",61177.0410143534,171413.208007812
"PS(40:9)","PS",133380.644846598,287161.644958496
"PS(P-16:0)","PS",256675.690490723,674012.790527344
"LPI(15:1) | PI(P-16:0)","PI",327967.638796488,674699.769798279
"PE(40:1)","PE",54355.6269365947,164394.840411377
"PG(36:0)","PG",259316.369944255,542559.452856445
"PI(30:1)","PI",148435.613332113,334613.232009888
"PC(40:1)","PC",313489.412597656,1102703.59921875
"PG(38:5)","PG",109168.20098877,244965.085949707
"LPI(15:1) | PI(P-16:0)_2","PI",338097.438761393,688620.483981323
"PC(30:1)","PC",736808.027984619,1410037.30507202
"PC(44:3)","PC",48531.3467089335,95702.995223999
"PE(26:1)","PE",109933.607355754,304364.962744141
"PG(40:3)","PG",106877.657185872,244793.452587891
"PI(36:3)","PI",89650.4766235352,199173.493843079
"SM(d18:0/26:0)","SM",257894.670817057,1017104.25449219
"PE(38:6)","PE",100718.77730306,220886.758526611
"[TG(48:3)]_FA16:1","TAG",83393.9124450684,214819.962664795
"[TG(52:3)]_FA16:1","TAG",244224.391021729,542117.942333984
"FA(32:0)","FA",728231.06127739,1428289.56210632
"LPG(20:3) | PG(20:3)_2","PG",61046.2100880941,178530.947290039
"LPI(20:0) | PI(20:0)","PI",153815.116967519,371250.466848755
"PE(20:4)","PE",42351.1661109924,127860.745855713
"PE(40:9)","PE",52892.8037350973,151069.02661438
"PG(44:6)","PG",65647.0379536947,164264.943029785
"PG(44:8)","PG",58330.5244394938,151882.903686523
"PI(40:8)","PI",64833.7046979268,161707.380014038
"PI(44:8)","PI",27164.86195755,70358.8129570007
"PI(O-36:5) | PI(P-36:4)","PI",49791.4635543823,115202.099969482
"PS(34:2)","PS",164027.588450114,348428.690881348
"PS(O-30:1)","PS",292091.260569255,591154.240136719
"PS(O-36:4)","PS",137035.55569458,330407.585827637
"PS(O-42:1)","PS",89968.4825744629,226874.048101807
"Cer(d14:2(4E,6E)/24:0(2OH))","Cer",33686.8688348134,89250.1264839172
"PI(44:2)","PI",20658.1813062032,54848.220022583
"[TG(50:3)]_FA16:1","TAG",201490.163889567,467395.500842285
"[TG(52:6)]_FA20:0","TAG",207664.128499349,407298.28309021
"[TG(54:6)]_FA18:2","TAG",223289.299158732,448890.808007812
"[TG(58:4)]_FA18:0","TAG",295751.511611938,556731.635107422
"FA(34:0)","FA",365578.848793666,849719.329927826
"LPC(2:0)","PC",146653.212743123,296356.183676147
"LPC(24:1)","PC",238616.037821452,521059.935668945
"LPE(20:1)","PE",73678.8186136881,164164.54697876
"LPE(20:3)","PE",45155.116452535,145809.898658752
"LPG(17:0) | PG(16:0) | PG(O-18:0)_2","PG",695494.05476888,1758327.9390625
"LPG(17:0) | PG(16:0) | PG(O-18:0)_3","PG",612532.489990234,1559823.61884766
"LPG(18:2) | PG(18:2)","PG",86278.5155181885,203637.108081055
"LPI(17:1) | PI(P-18:0)","PI",189481.717901866,429666.443966675
"LPI(22:6) | PI(22:6)","PI",64637.774887085,165948.676715088
"LPS(22:1) | PS(22:1)","PS",87556.9487711589,201601.962353516
"LPS(22:1) | PS(22:1)_2","PS",92383.6536712646,207467.572174072
"PC(30:2)","PC",746477.83837382,1441869.17631836
"PC(44:1)","PC",38319.7062721252,79879.4533676147
"PE(34:1)","PE",87813.0529174805,204294.65116272
"PE(38:0)_2","PE",114784.457083384,279708.720767212
"PE(38:9)","PE",129018.995056152,274270.523571777
"PE(O-20:0)","PE",30593.0689239502,88205.8778930664
"PE(O-34:1)","PE",66436.4414958954,156355.615530396
"PG(24:1)","PG",275069.619934082,637626.066357422
"PG(36:8)","PG",318861.573750814,664814.728283691
"PG(O-30:0)","PG",133205.027160645,303956.837774658
"PG(O-34:3)","PG",126615.149581909,272370.231304932
"PI(26:0)","PI",84834.8573099772,213832.08336792
"PI(28:1)","PI",162046.477900187,413076.819818115
"PI(40:10)","PI",45865.6032746633,102614.611199188
"PI(42:7)","PI",39686.2597757975,107276.840185547
"PI(O-32:1) | PI(P-32:0)","PI",130851.070472717,320794.522491455
"PI(O-34:3) | PI(P-34:2)","PI",72652.5945453644,175442.199695587
"PI(O-42:0)","PI",39405.1865259806,101221.311680603
"PI(O-42:1)","PI",34863.2224896749,93266.4542266846
"PI(P-34:4)","PI",41785.3960825602,108026.823209381
"PI(P-38:6)","PI",149624.127070109,380731.771875
"PS(26:0)","PS",208195.823913574,502847.155834961
"PS(26:1)","PS",333269.607666016,787956.775830078
"PS(28:1)","PS",283141.790690104,773219.799804688
"PS(42:3)","PS",106190.118001302,352811.8046875
"PS(42:5)","PS",89949.8891601562,223645.959631348
"PS(44:1)","PS",60314.1514123281,155525.491221619
"PS(P-30:1)","PS",129152.536168416,305802.429888916
"SM(d18:0/16:0)","SM",731495.765703837,1418114.22084351
"SM(d18:1/16:0)","SM",732213.046239217,1427519.8625
"LPE(12:0) | PE(12:0)","PE",16428.3110942841,53669.5877716064
"PC(44:7)","PC",56216.790687561,112495.680459595
"PC(O-44:5)","PC",80528.0327542623,159696.278588867
"PE(36:6)","PE",43098.2663383484,119383.908235168
"PS(O-36:2)","PS",169566.199198405,394400.73203125
"PS(P-38:6)","PS",290682.010599772,603619.576452637
"[TG(48:2)]_FA18:2","TAG",148317.407613118,363383.510986328
"[TG(50:2)]_FA16:0","TAG",204448.577636719,471132.422839355
"[TG(50:3)]_FA18:2","TAG",275511.80094401,678321.864306641
"[TG(52:2)]_FA18:2","TAG",211435.530598958,567879.953857422
"[TG(56:7)]_FA18:1","TAG",168014.615422567,354846.589154053
"[TG(56:8)]_FA18:2","TAG",164966.602422078,350195.321514893
"Cer(t20:0/26:0(2OH))","Cer",886997.499113719,1747081.06008759
"LPC(22:1)","PC",231924.360880534,565758.614111328
"LPE(19:0)","PE",34586.6664784749,104362.499737549
"LPE(24:6)","PE",39636.3024724325,98677.6710205078
"LPG(16:0)","PG",264738.875172933,590518.894824219
"LPG(17:0) | PG(16:0) | PG(O-18:0)","PG",737403.875244141,1858351.55107422
"LPG(17:2)","PG",134896.072611491,330341.616491699
"LPI(13:0)","PI",245.213349660238,2404.86015548706
"LPI(16:0) | PI(16:0)","PI",221643.271158854,510879.119454956
"LPI(17:1) | PI(P-18:0)_2","PI",176909.406252543,401076.477578735
"LPI(17:1) | PI(P-18:0)_3","PI",178940.437587738,405992.986959839
"LPI(20:0) | PI(20:0)_2","PI",158431.892644246,370061.76567688
"LPI(22:2) | PI(22:2)","PI",63811.9306030273,158539.422793579
"LPS(17:0) | PS(O-18:0)_2","PS",883469.544108073,2117034.65449219
"LPS(17:0) | PS(O-18:0)_3","PS",784885.17976888,1845164.59921875
"LPS(18:0) | PS(18:0)_2","PS",120513.727864583,332234.751611328
"LPS(18:2) | PS(18:2)_2","PS",152526.387034098,357697.562512207
"LPS(20:4) | PS(20:4)","PS",62611.1908569336,155179.002886963
"PC(40:0)","PC",194952.055582682,832983.004980469
"PC(42:0)","PC",68493.8521219889,168920.549682617
"PC(42:1)","PC",39970.177734375,432974.772021484
"PC(42:6)","PC",101108.004150391,630418.58046875
"PC(42:7)","PC",129363.061238607,678056.6734375
"PE(18:0)","PE",49734.6700998942,136985.750027466
"PE(30:0)","PE",61397.598256429,173352.165100098
"PE(34:6)","PE",51407.6539293925,135623.668255615
"PE(40:5)","PE",85771.0191332499,200058.517111206
"PE(42:4)","PE",33557.2454821269,103148.583282471
"PE(O-38:1)","PE",129444.003997803,292946.704406738
"PE(O-38:6)","PE",71388.7953122457,182418.163585663
"PE(O-40:3)","PE",48819.2373097738,125971.532919312
"PE(P-34:4)","PE",27065.2452494303,79443.7540313721
"PG(26:0)","PG",183654.07321167,404668.434313965
"PG(28:0)","PG",154219.083821615,1066442.81472168
"PG(28:2)","PG",130431.431447347,296554.548809814
"PG(30:3)","PG",100682.057815552,229972.281158447
"PG(34:3)","PG",148033.003041585,321463.422271729
"PG(40:2)","PG",169685.401519775,372456.114825439
"PG(42:2)","PG",60337.4776814779,158942.14342041
"PG(42:8)","PG",83968.5897521973,211733.223657227
"PG(O-36:4)","PG",122346.04179891,288448.562249756
"PG(O-42:1)","PG",79996.5690612793,193746.653692627
"PG(P-30:1)","PG",114003.094792684,264829.549102783
"PI(32:5)","PI",53834.3670018514,136907.942353821
"PI(36:0)","PI",154806.492060343,389134.464709473
"PI(36:5)","PI",46182.263566335,114116.952424622
"PI(42:1)","PI",31345.0289446513,77810.9180183411
"PI(O-36:2) | PI(P-36:1)","PI",66712.3683522542,162037.028366089
"PI(O-38:1) | PI(P-38:0)","PI",88773.7165044149,211948.954151916
"PI(O-38:6) | PI(P-38:5)","PI",73379.0523338318,175109.272076416
"PI(O-40:2) | PI(P-40:1)","PI",39105.1528434753,101686.899919891
"PI(O-40:3) | PI(P-40:2)","PI",40536.8695373535,94707.1628387451
"PI(O-42:2)","PI",31278.2221870422,79619.6896133423
"PI(P-34:1)","PI",58271.6037228902,139118.504724121
"PS(36:0)","PS",283501.79200236,589570.523022461
"PS(40:2)","PS",183801.995808919,417481.229821777
"PS(40:3)","PS",108408.954518636,254337.433081055
"PS(42:9)","PS",71800.2389831543,182716.222521973
"PS(44:2)","PS",57828.5146713257,142191.993704224
"PS(O-34:2)","PS",144926.481913249,336911.827844238
"PS(O-34:2)_2","PS",104091.023345947,241247.573461914
"PS(O-42:2)","PS",73924.7851053874,177878.095349121
"SM(d18:1/26:0)","SM",388758.496500651,1178093.91269531
"SM(d18:1/26:1)17Z))","SM",500635.041585286,1310905.49677734
"LPC(3:0)","PC",67154.8935979207,142960.036914062
"LPI(22:2) | PI(22:2)_2","PI",63875.2450758616,164154.890771484
"LPS(17:0) | PS(O-18:0)","PS",971382.424479167,2331022.76269531
"LPS(18:2) | PS(18:2)","PS",153475.718032837,354354.890576172
"PC(44:0)","PC",30549.6887601217,71132.1573425293
"PG(32:3)","PG",91801.2541503906,229715.956787109
"PG(40:1)","PG",146271.123158773,328788.431103516
"PG(42:0)","PG",75400.141977946,188152.2421875
"PI(30:4)","PI",46207.7959874471,115331.335015869
"PI(40:3)","PI",52871.5037740072,129831.677383423
"PI(O-34:0)","PI",119353.651720683,297699.91373291
"PI(O-40:7)","PI",64719.9783439636,160373.451705933
"PE(24:0)","PE",32014.8223635356,88161.734715271
"PI(40:9)","PI",43559.0330518087,107337.767547607
"[TG(52:3)]_FA18:2","TAG",200126.625020345,480726.071435547
"Cer(d14:2(4E,6E)/22:1(13Z)(2OH))","Cer",48586.6135864258,116352.479776001
"LPC(3:1)","PC",60063.6479441325,130943.830609131
"LPC(5:0)","PC",66817.7417602539,144416.55871582
"LPE(16:1)","PE",93830.4404118856,201949.154612732
"LPE(22:5)","PE",26955.8152694702,81889.7095428467
"LPG(18:2) | PG(18:2)_2","PG",84878.996480306,206680.347497559
"LPI(16:0) | PI(16:0)_2","PI",222895.795041402,504421.160949707
"LPS(16:1) | PS(16:1)","PS",233315.849283854,524903.363562012
"LPS(16:1) | PS(16:1)_2","PS",232164.62029012,521997.42220459
"LPS(18:0) | PS(18:0)","PS",121437.956176758,328871.071557617
"LPS(20:4) | PS(20:4)_2","PS",58506.8407440186,157087.183337402
"PC(30:0)","PC",686560.167236328,1392841.71727905
"PC(42:10)","PC",163331.921671549,720245.408544922
"PC(42:11)","PC",168156.025065104,732943.083300781
"PC(42:2)","PC",42815.8712972005,468184.422802734
"PC(42:3)","PC",17053.668375651,426442.894433594
"PC(42:5)","PC",50198.5185953776,521907.961962891
"PC(42:9)","PC",169942.784627279,722625.948779297
"PC(O-42:0)","PC",149087.032755534,685074.414990234
"PC(O-42:3)","PC",214333.189860026,778677.440625
"PC(O-42:6)","PC",231781.464518229,808579.874609375
"PC(P-42:4)","PC",200651.540852865,763758.27734375
"PE(20:3)","PE",41392.0190162659,143185.720309448
"PE(38:1)","PE",132420.926019033,305694.998312378
"PE(38:3)","PE",73819.1423587799,178291.736335754
"PE(40:10)","PE",51121.200088501,130828.577139282
"PE(O-36:2)","PE",126609.075276693,277447.709832764
"PE(O-40:2)","PE",59162.297580719,152183.674526978
"PG(28:1)","PG",258735.18363444,649293.172216797
"PG(32:2)","PG",290158.933878581,650079.240600586
"PG(38:0) | PG(P-40:6)","PG",329146.516499837,680648.169104004
"PG(40:4)","PG",147213.203918457,322805.122180176
"PG(O-36:2)","PG",157497.104939779,354853.157922363
"PI(28:2)","PI",52975.7576230367,133359.645507812
"PI(32:4)","PI",51034.1534493764,128589.072499084
"PI(34:3)","PI",74669.9587491353,175631.992044067
"PI(34:4)","PI",59271.4382298787,145301.89928894
"PI(38:1)","PI",85776.5696042379,194355.807424927
"PI(O-36:0)","PI",71051.0249735514,173016.552279663
"PI(O-38:3) | PI(P-38:2)","PI",55239.9841359456,132267.301873779
"PS(30:3)","PS",115811.855926514,273296.48581543
"PS(32:2)","PS",276519.428568522,617220.536938477
"PS(34:3)","PS",167854.842203776,379603.613122559
"PS(38:0)","PS",334906.605000814,701308.4859375
"SM(d16:1/18:1)","SM",716946.823928833,1448336.37573242
"PC(42:4)","PC",86402.1303304036,532877.924365234
"PC(O-42:4)","PC",178574.221923828,742512.835546875
"PG(44:2)","PG",53165.4537474314,134131.033187103
"PC(O-42:2)","PC",213031.106038411,776479.314257813
"PS(42:2)","PS",62466.6579081217,169189.21619873
"PE(P-40:7)","PE",136162.026292801,308522.975712585
"LPS(18:1) | PS(18:1)_2","PS",151127.646993001,344262.084765625
"PC(40:2)","PC",365300.118570964,1135099.44033203
"PC(42:8)","PC",178572.403767904,737423.396630859
"PC(P-42:6)","PC",192855.149332682,810687.446289062
"PE(O-18:0)","PE",64508.6978302002,162686.128308105
"PE(O-40:5)","PE",95396.4942855835,235532.973146057
"PG(40:5)","PG",148210.072469076,330782.663006592
"PG(P-42:4)","PG",107920.110534668,243452.633392334
"PI(34:6)","PI",85177.7230606079,206887.17862854
"PI(36:1)","PI",121608.771369934,276475.58062439
"PI(40:6)","PI",83046.9679171244,219032.6424263
"PS(P-40:6)","PS",345747.932078044,734120.23861084
"PI(26:1)","PI",177025.734720866,444968.176855469
"PG(42:11)","PG",93066.6131591797,217597.783703613
"FA(26:0)","FA",2341483.39831416,4775693.83961334
"LPE(18:1)","PE",75698.7386906942,177286.163186646
"PC(O-42:1)","PC",170136.708821615,723126.842675781
"PE(28:2)","PE",61599.4176432292,195704.833563232
"PI(38:9)","PI",56126.4370651245,139244.166201782
"PI(O-38:2) | PI(P-38:1)","PI",59162.9675401052,142839.96574707
"PS(O-30:0)","PS",156510.945322673,353761.855957031
"LPS(18:1) | PS(18:1)","PS",148835.615844727,344688.221716309
