lipid,type,Trem2(WT)12Control...2,Trem2(WT)12Control...3,Trem2(WT)12Control...4,Trem2(WT)12Control...5,Trem2(WT)12CONTROL,Trem2(WT)12Control...7,Trem2(WT)5Cuprizone...8,Trem2(WT)5Cuprizone...9,Trem2(WT)5Cuprizone...10,Trem2(WT)5Cuprizone...11,Trem2(WT)5Cuprizone...12,Trem2(WT)5Cuprizone...13,Trem2(WT)12Cuprizone...14,Trem2(WT)12Cuprizone...15,Trem2(WT)12Cuprizone...16,Trem2(WT)12Cuprizone...17,Trem2(WT)12Cuprizone...18,Trem2(WT)12Cuprizone...19,Trem2(het)12Control...20,Trem2(het)12Control...21,Trem2(het)12Control...22,Trem2(het)12Control...23,Trem2(het)12Control...24,Trem2(het)12Control...25,Trem2(het)5Cuprizone...26,Trem2(het)5Cuprizone...27,Trem2(het)5Cuprizone...28,Trem2(het)5Cuprizone...29,Trem2(het)5Cuprizone...30,Trem2(het)5Cuprizone...31,Trem2(het)12Cuprizone...32,Trem2(het)12Cuprizone...33,Trem2(het)12Cuprizone...34,Trem2(het)12Cuprizone...35,Trem2(het)12Cuprizone...36,Trem2(het)12Cuprizone...37,Trem2(KO)12Control...38,Trem2(KO)12Control...39,Trem2(KO)12Control...40,Trem2(KO)12Control...41,Trem2(KO)12Control...42,Trem2(KO)12Control...43,Trem2(KO)5Cuprizone...44,Trem2(KO)5Cuprizone...45,Trem2(KO)5Cuprizone...46,Trem2(KO)5Cuprizone...47,Trem2(KO)5Cuprizone...48,Trem2(KO)5Cuprizone...49,Trem2(KO)12Cuprizone...50,Trem2(KO)12Cuprizone...51,Trem2(KO)12Cuprizone...52,Trem2(KO)12Cuprizone...53,Trem2(KO)12Cuprizone...54,Trem2(KO)12Cuprizone...55
Cer(d18:1/16:0),Cer,3.71E-06,4.07E-06,3.85E-06,6.42E-06,5.06E-06,4.60E-06,4.42E-06,6.78E-06,3.79E-06,3.86E-06,6.21E-06,4.92E-06,8.71E-06,6.67E-06,5.29E-06,5.25E-06,4.87E-06,6.87E-06,3.63E-06,3.58E-06,2.97E-06,4.69E-06,3.53E-06,3.74E-06,3.86E-06,6.86E-06,4.67E-06,8.23E-06,4.28E-06,5.03E-06,4.67E-06,5.36E-06,6.20E-06,7.15E-06,6.26E-06,7.70E-06,5.18E-06,2.98E-06,2.73E-06,3.29E-06,3.87E-06,5.89E-06,3.74E-06,5.92E-06,3.44E-06,4.81E-06,3.70E-06,3.02E-06,8.38E-06,5.88E-06,4.01E-06,6.30E-06,5.88E-06,3.72E-06
Cer(d18:1/18:0),Cer,1.04E-05,6.79E-06,7.27E-06,9.66E-06,7.66E-06,8.30E-06,8.95E-06,8.78E-06,7.13E-06,7.18E-06,1.24E-05,8.45E-06,9.38E-06,8.15E-06,8.02E-06,6.38E-06,9.64E-06,8.86E-06,6.83E-06,6.04E-06,5.89E-06,1.22E-05,8.15E-06,7.87E-06,7.43E-06,1.09E-05,8.43E-06,1.02E-05,6.49E-06,9.02E-06,7.36E-06,7.43E-06,9.33E-06,8.54E-06,8.01E-06,8.76E-06,1.21E-05,6.62E-06,8.44E-06,8.90E-06,9.52E-06,1.01E-05,7.73E-06,9.78E-06,6.90E-06,9.62E-06,8.51E-06,8.37E-06,1.56E-05,1.45E-05,1.76E-05,1.69E-05,1.83E-05,9.92E-06
Cer(d18:1/20:0),Cer,7.90E-07,3.51E-07,8.06E-07,1.74E-06,3.46E-07,5.17E-07,8.16E-07,1.14E-06,5.56E-07,3.78E-07,4.38E-07,6.93E-07,9.85E-07,3.43E-07,6.26E-07,6.32E-07,5.50E-07,1.39E-06,9.62E-07,7.22E-07,4.76E-07,9.93E-07,2.26E-07,5.36E-07,8.65E-07,9.00E-07,6.78E-07,2.84E-06,6.16E-07,5.59E-07,6.61E-07,5.69E-07,9.37E-07,7.14E-07,5.83E-07,9.84E-07,1.53E-06,5.70E-07,9.01E-07,6.48E-07,5.14E-07,3.49E-06,6.86E-07,1.21E-06,6.96E-07,1.14E-06,2.98E-07,4.12E-07,2.06E-06,6.95E-07,9.00E-07,1.53E-06,1.20E-06,5.94E-07
Cer(d18:1/22:0),Cer,4.78E-06,4.46E-06,4.10E-06,4.21E-06,4.96E-06,4.69E-06,4.26E-06,6.22E-06,3.49E-06,4.82E-06,4.68E-06,5.39E-06,6.42E-06,5.03E-06,4.84E-06,4.59E-06,4.42E-06,5.35E-06,4.86E-06,4.18E-06,3.52E-06,5.11E-06,4.04E-06,4.72E-06,5.69E-06,6.07E-06,4.52E-06,8.52E-06,4.24E-06,4.96E-06,3.70E-06,4.25E-06,4.94E-06,5.96E-06,3.73E-06,5.30E-06,5.44E-06,4.91E-06,5.19E-06,5.26E-06,5.64E-06,7.42E-06,4.72E-06,5.06E-06,4.21E-06,4.82E-06,4.23E-06,4.77E-06,6.43E-06,5.44E-06,5.02E-06,6.36E-06,4.37E-06,4.83E-06
Cer(d18:1/24:0),Cer,5.52E-06,5.33E-06,5.90E-06,3.67E-06,5.73E-06,4.77E-06,4.62E-06,6.77E-06,5.19E-06,4.60E-06,6.52E-06,7.41E-06,7.96E-06,6.22E-06,3.86E-06,5.08E-06,5.92E-06,8.97E-06,7.47E-06,6.72E-06,4.32E-06,8.71E-06,4.44E-06,6.80E-06,6.07E-06,7.81E-06,5.59E-06,1.91E-05,6.74E-06,4.85E-06,4.53E-06,3.92E-06,6.28E-06,5.44E-06,4.72E-06,6.27E-06,7.12E-06,6.71E-06,5.28E-06,6.11E-06,7.13E-06,1.12E-05,7.33E-06,8.77E-06,6.51E-06,6.58E-06,4.02E-06,5.04E-06,9.65E-06,5.55E-06,7.66E-06,8.66E-06,6.46E-06,6.52E-06
Cer(d18:1/24:1(15Z)),Cer,1.13E-05,1.29E-05,1.40E-05,1.30E-05,1.55E-05,1.29E-05,1.35E-05,1.99E-05,1.40E-05,1.70E-05,1.78E-05,1.42E-05,1.86E-05,1.80E-05,1.65E-05,1.62E-05,1.51E-05,1.59E-05,1.70E-05,1.34E-05,1.28E-05,1.56E-05,1.32E-05,1.58E-05,1.68E-05,2.19E-05,1.50E-05,1.93E-05,1.59E-05,1.58E-05,1.72E-05,1.61E-05,1.66E-05,1.76E-05,1.64E-05,1.70E-05,1.75E-05,1.45E-05,1.23E-05,1.24E-05,1.49E-05,1.42E-05,1.48E-05,1.59E-05,1.55E-05,1.50E-05,1.81E-05,1.55E-05,2.20E-05,2.48E-05,2.69E-05,2.54E-05,2.35E-05,1.91E-05
SM (d18:1/16:0),SM,4.19E-05,3.46E-05,3.52E-05,3.10E-05,3.67E-05,4.06E-05,3.10E-05,3.88E-05,3.66E-05,3.90E-05,4.34E-05,5.57E-05,5.24E-05,4.97E-05,4.63E-05,4.11E-05,4.13E-05,4.87E-05,3.68E-05,3.70E-05,3.09E-05,4.38E-05,3.49E-05,3.76E-05,3.50E-05,5.68E-05,3.61E-05,4.63E-05,3.98E-05,3.74E-05,4.10E-05,4.17E-05,4.06E-05,5.73E-05,5.00E-05,5.74E-05,4.71E-05,3.53E-05,3.27E-05,4.40E-05,3.83E-05,3.71E-05,4.56E-05,4.18E-05,3.45E-05,4.49E-05,4.00E-05,4.21E-05,5.90E-05,5.68E-05,5.00E-05,5.70E-05,5.71E-05,4.13E-05
SM (d18:1/18:0),SM,3.14E-05,2.55E-05,2.51E-05,2.64E-05,3.37E-05,3.65E-05,2.70E-05,2.95E-05,2.78E-05,2.74E-05,3.30E-05,2.95E-05,3.23E-05,3.18E-05,3.45E-05,2.42E-05,3.08E-05,2.48E-05,2.03E-05,2.80E-05,2.48E-05,3.32E-05,3.16E-05,3.65E-05,2.89E-05,3.38E-05,2.80E-05,2.65E-05,2.78E-05,3.22E-05,2.80E-05,2.62E-05,3.03E-05,3.01E-05,2.79E-05,4.10E-05,3.53E-05,1.90E-05,2.50E-05,3.22E-05,3.51E-05,4.42E-05,3.51E-05,2.92E-05,2.43E-05,3.67E-05,3.39E-05,3.27E-05,4.33E-05,3.84E-05,3.59E-05,4.49E-05,4.63E-05,3.02E-05
SM(d18:1/20:0),SM,6.94E-06,5.19E-06,4.96E-06,5.74E-06,5.83E-06,7.92E-06,4.61E-06,4.72E-06,4.96E-06,5.50E-06,5.08E-06,5.04E-06,4.89E-06,5.12E-06,5.86E-06,5.70E-06,5.16E-06,5.09E-06,5.39E-06,5.90E-06,4.98E-06,6.79E-06,5.81E-06,6.44E-06,5.48E-06,4.81E-06,5.07E-06,4.93E-06,5.39E-06,5.17E-06,4.82E-06,4.76E-06,4.59E-06,5.22E-06,4.88E-06,5.50E-06,6.74E-06,4.82E-06,5.80E-06,5.96E-06,6.51E-06,6.74E-06,7.96E-06,5.26E-06,5.18E-06,7.41E-06,5.86E-06,6.58E-06,5.87E-06,5.88E-06,5.13E-06,6.18E-06,6.15E-06,4.49E-06
SM (d18:1/24:0),SM,2.73E-05,2.46E-05,2.71E-05,2.29E-05,2.41E-05,2.81E-05,1.89E-05,2.37E-05,2.18E-05,2.53E-05,2.26E-05,2.61E-05,2.15E-05,2.51E-05,2.49E-05,2.25E-05,2.42E-05,2.28E-05,2.61E-05,2.61E-05,2.10E-05,3.05E-05,2.43E-05,2.80E-05,2.30E-05,2.42E-05,2.39E-05,2.43E-05,2.49E-05,2.19E-05,2.02E-05,2.52E-05,2.41E-05,2.32E-05,2.38E-05,2.92E-05,2.83E-05,2.39E-05,2.60E-05,3.00E-05,2.90E-05,2.63E-05,2.92E-05,2.65E-05,2.48E-05,2.96E-05,2.52E-05,2.71E-05,2.94E-05,2.60E-05,2.65E-05,3.29E-05,3.17E-05,2.78E-05
SM (d18:1/24:1)15Z)),SM,8.28E-05,9.56E-05,9.54E-05,9.50E-05,9.68E-05,0.000103394,7.72E-05,9.86E-05,8.54E-05,0.000102132,9.11E-05,9.25E-05,8.79E-05,9.71E-05,0.000105645,8.90E-05,9.02E-05,9.69E-05,8.50E-05,9.23E-05,8.46E-05,0.000115537,9.10E-05,0.000108306,9.71E-05,0.000102678,9.32E-05,9.12E-05,0.000100958,9.09E-05,8.06E-05,9.01E-05,0.00010591,9.69E-05,9.64E-05,0.000116705,0.000114947,8.03E-05,8.32E-05,0.000107349,0.000105109,0.000106498,9.82E-05,9.92E-05,8.69E-05,9.95E-05,9.70E-05,0.000101688,0.000114207,0.000114102,0.000109848,0.000130509,0.000133313,9.99E-05
LPC(16:0),PC,1.02E-05,1.02E-05,6.08E-06,1.17E-05,5.57E-06,7.80E-06,5.79E-06,5.89E-06,6.31E-06,7.67E-06,6.73E-06,1.64E-05,3.28E-06,6.85E-06,5.95E-06,1.26E-05,5.71E-06,5.97E-06,4.31E-06,4.39E-06,5.91E-06,7.40E-06,7.91E-06,6.46E-06,4.97E-06,1.07E-05,4.95E-06,8.48E-06,5.26E-06,9.41E-06,6.50E-06,9.91E-06,6.04E-06,6.66E-06,7.17E-06,1.05E-05,6.68E-06,4.20E-06,5.34E-06,9.13E-06,9.25E-06,4.02E-06,8.31E-06,7.11E-06,4.04E-06,1.12E-05,1.03E-05,8.28E-06,1.05E-05,9.88E-06,9.64E-06,1.29E-05,1.30E-05,9.17E-06
LPC(18:0),PC,3.95E-06,3.92E-06,2.86E-06,7.36E-06,2.53E-06,2.94E-06,2.96E-06,3.29E-06,3.11E-06,3.10E-06,3.41E-06,9.11E-06,2.35E-06,3.34E-06,3.03E-06,3.49E-06,3.58E-06,3.65E-06,2.84E-06,2.43E-06,2.29E-06,4.38E-06,4.23E-06,4.21E-06,3.02E-06,4.20E-06,3.26E-06,3.81E-06,3.34E-06,3.51E-06,3.14E-06,3.58E-06,2.82E-06,3.36E-06,2.95E-06,4.54E-06,3.69E-06,3.67E-06,3.65E-06,3.71E-06,4.17E-06,3.08E-06,3.27E-06,4.16E-06,2.86E-06,4.49E-06,4.03E-06,3.35E-06,6.26E-06,4.91E-06,4.73E-06,6.97E-06,6.99E-06,3.90E-06
LPC(18:1),PC,4.28E-06,5.94E-06,3.07E-06,3.34E-06,3.70E-06,3.74E-06,2.98E-06,3.44E-06,3.69E-06,4.93E-06,3.94E-06,3.75E-06,2.35E-06,3.86E-06,3.52E-06,7.21E-06,3.45E-06,3.65E-06,3.25E-06,2.66E-06,4.04E-06,3.71E-06,4.56E-06,3.85E-06,3.54E-06,4.49E-06,3.28E-06,3.26E-06,3.47E-06,6.03E-06,3.45E-06,4.75E-06,3.39E-06,3.33E-06,4.06E-06,3.18E-06,4.83E-06,3.26E-06,3.11E-06,4.49E-06,4.71E-06,4.44E-06,3.35E-06,4.70E-06,3.00E-06,4.75E-06,5.70E-06,3.27E-06,5.92E-06,5.04E-06,4.22E-06,5.99E-06,6.30E-06,4.47E-06
LPC(20:4),PC,3.04E-06,4.91E-06,1.79E-06,1.92E-06,2.19E-06,2.38E-06,1.26E-06,1.71E-06,3.12E-06,4.06E-06,1.62E-06,2.13E-06,1.46E-06,1.27E-06,2.53E-06,7.43E-06,1.42E-06,1.59E-06,1.33E-06,1.59E-06,2.84E-06,2.44E-06,2.45E-06,2.55E-06,1.32E-06,4.76E-06,1.45E-06,1.20E-06,1.35E-06,4.80E-06,2.91E-06,4.60E-06,2.45E-06,1.26E-06,2.27E-06,1.49E-06,3.64E-06,1.91E-06,1.14E-06,3.72E-06,3.80E-06,2.30E-06,1.63E-06,2.07E-06,1.06E-06,4.68E-06,5.14E-06,2.64E-06,2.33E-06,1.78E-06,1.45E-06,3.69E-06,4.45E-06,2.63E-06
LPC(22:6),PC,1.47E-06,1.30E-06,4.51E-07,1.93E-06,6.54E-07,9.33E-07,4.46E-07,5.62E-07,1.01E-06,1.03E-06,6.99E-07,1.38E-06,7.43E-07,4.67E-07,8.03E-07,1.20E-06,8.29E-07,6.21E-07,5.09E-07,6.31E-07,1.03E-06,8.33E-07,8.41E-07,1.15E-06,3.77E-07,1.29E-06,5.94E-07,6.02E-07,6.44E-07,1.15E-06,5.59E-07,1.50E-06,4.51E-07,6.99E-07,5.65E-07,7.89E-08,1.26E-06,6.17E-07,4.94E-07,1.03E-06,1.15E-06,1.56E-06,6.99E-07,7.38E-07,4.96E-07,1.09E-06,1.25E-06,5.79E-07,1.01E-06,1.06E-06,8.71E-07,1.45E-06,1.20E-06,7.98E-07
PC(36:1),PC,0.000327449,0.000337993,0.000320012,0.000275531,0.000375316,0.000353018,0.000290126,0.000317136,0.000311225,0.000323745,0.00032136,0.000307779,0.000257108,0.000383211,0.000316602,0.000306654,0.000364791,0.000294589,0.000306152,0.000278291,0.000302675,0.000389947,0.00037427,0.000429884,0.000355889,0.000289987,0.000339407,0.000316709,0.000310093,0.00030832,0.000304295,0.000303107,0.000336574,0.000292268,0.00029914,0.000295557,0.000369543,0.000293421,0.000314482,0.00033821,0.000419305,0.00038417,0.000371338,0.000323994,0.00027579,0.000331767,0.000343778,0.000325886,0.00035331,0.000362979,0.000334648,0.00040086,0.000366786,0.000309327
PC(36:2),PC,0.000241312,0.000244285,0.000244386,0.000205665,0.000282087,0.000272637,0.000231317,0.000287005,0.00023302,0.000247566,0.000268695,0.000247632,0.000262704,0.000293366,0.00030151,0.000248966,0.000264893,0.000274812,0.000215274,0.0002606,0.000230627,0.000294502,0.000253269,0.000279756,0.000222579,0.000272916,0.000284018,0.000228937,0.000249745,0.000257648,0.000221252,0.000243368,0.000283127,0.00029024,0.000265551,0.000291189,0.000320398,0.000192262,0.000217993,0.000278153,0.000291835,0.00030246,0.000239,0.000299796,0.000236668,0.000261763,0.000253598,0.0002286,0.000338775,0.000283799,0.000226279,0.00029987,0.000293458,0.000238201
PC(36:4),PC,0.00334814,0.003172071,0.003084499,0.002499835,0.003146293,0.003182137,0.002865076,0.003209458,0.002660892,0.003093963,0.003418845,0.003082954,0.002270607,0.00339557,0.003454541,0.003271928,0.003213174,0.003227003,0.003161295,0.003117434,0.00280748,0.003308039,0.002935162,0.00318969,0.002827785,0.003514018,0.003043124,0.003070085,0.003010078,0.003133865,0.003022866,0.00334517,0.003190676,0.003484883,0.003464966,0.002960678,0.003678324,0.002823507,0.003113954,0.003427377,0.003455322,0.002120233,0.002948581,0.003458946,0.003031695,0.002982783,0.003106408,0.003000772,0.003347375,0.003972076,0.003773051,0.004132913,0.004135608,0.003278858
PC(38:1),PC,4.74E-05,4.69E-05,4.73E-05,3.06E-05,4.58E-05,4.39E-05,4.21E-05,4.68E-05,4.20E-05,4.50E-05,5.00E-05,4.91E-05,3.27E-05,5.13E-05,4.68E-05,4.50E-05,4.80E-05,4.78E-05,4.35E-05,4.60E-05,3.99E-05,4.92E-05,4.27E-05,4.77E-05,4.27E-05,4.84E-05,4.33E-05,4.63E-05,4.21E-05,4.65E-05,4.02E-05,4.99E-05,4.50E-05,5.09E-05,4.48E-05,3.91E-05,5.19E-05,4.28E-05,4.66E-05,4.79E-05,5.33E-05,2.81E-05,3.99E-05,4.68E-05,4.28E-05,4.16E-05,4.85E-05,4.36E-05,5.13E-05,5.85E-05,5.44E-05,5.72E-05,6.02E-05,4.61E-05
PC(38:2),PC,5.65E-05,6.67E-05,6.83E-05,6.06E-05,6.62E-05,6.47E-05,5.12E-05,6.49E-05,5.61E-05,7.24E-05,6.27E-05,6.49E-05,5.38E-05,7.24E-05,6.74E-05,6.56E-05,6.54E-05,6.42E-05,6.40E-05,6.33E-05,5.80E-05,7.69E-05,6.49E-05,7.24E-05,6.50E-05,6.64E-05,6.65E-05,6.73E-05,6.84E-05,6.47E-05,5.64E-05,6.85E-05,6.78E-05,6.86E-05,6.75E-05,6.98E-05,7.83E-05,5.48E-05,6.17E-05,7.73E-05,7.41E-05,6.90E-05,6.94E-05,7.07E-05,6.02E-05,6.46E-05,7.10E-05,6.71E-05,7.09E-05,8.69E-05,7.40E-05,9.14E-05,8.86E-05,7.38E-05
PC(38:4),PC,0.000515075,0.00053161,0.000533288,0.00038771,0.000563232,0.000597108,0.000487851,0.000592762,0.000452532,0.000517245,0.000515397,0.00052464,0.000492846,0.000536771,0.000584551,0.000503256,0.000533378,0.00053471,0.000511711,0.00055753,0.000470575,0.000604627,0.000594805,0.000608606,0.000471629,0.000523268,0.000505483,0.00045636,0.000544374,0.000498624,0.000439805,0.00047995,0.000480581,0.000536414,0.000498697,0.000556307,0.000629574,0.000468918,0.00054799,0.000543486,0.000644379,0.000607982,0.000487882,0.000605162,0.000475787,0.000558354,0.00051494,0.000490165,0.000590092,0.00053394,0.000516931,0.00063473,0.000613433,0.000519481
PC(38:5),PC,0.001025761,0.000994189,0.001028431,0.000783542,0.000951258,0.000981829,0.000948724,0.001071195,0.000872859,0.000988511,0.001016146,0.000952028,0.000658609,0.001020442,0.001035455,0.000930756,0.001022677,0.001154742,0.001036576,0.00096229,0.00084666,0.001125003,0.000957728,0.000986269,0.00088618,0.001067198,0.001004441,0.000975276,0.000959806,0.000993223,0.000809937,0.000984604,0.001017492,0.001111569,0.001012394,0.000828797,0.00122062,0.000948033,0.000922931,0.001111896,0.001024227,0.000623901,0.000890035,0.00117565,0.001026445,0.000917213,0.000967978,0.000871942,0.000986433,0.001179488,0.001050802,0.001170966,0.00113207,0.000947914
PC(38:6),PC,0.000229354,0.000215683,0.000216039,0.000156658,0.000245349,0.000239531,0.000218221,0.000229691,0.000209938,0.000234007,0.000252173,0.000234191,0.000209862,0.000257077,0.000257955,0.000222722,0.000277014,0.000244167,0.000187305,0.000222914,0.000209946,0.000265739,0.000231183,0.000240607,0.000215071,0.000261867,0.000245982,0.000246354,0.000227456,0.000233722,0.00023096,0.00023409,0.000247294,0.000277435,0.00023386,0.000243115,0.000260885,0.000218404,0.000223872,0.000240774,0.00025743,0.000229693,0.00023495,0.000259324,0.000224134,0.000241946,0.000234554,0.000237457,0.000302313,0.000311594,0.000301873,0.000311559,0.000341995,0.000254273
PC(40:4),PC,1.84E-05,2.11E-05,1.95E-05,1.29E-05,1.77E-05,2.00E-05,1.76E-05,2.29E-05,1.58E-05,1.80E-05,1.93E-05,1.76E-05,1.52E-05,1.79E-05,1.92E-05,1.88E-05,2.10E-05,2.04E-05,1.95E-05,1.72E-05,1.65E-05,2.74E-05,2.07E-05,2.22E-05,1.79E-05,1.78E-05,1.62E-05,1.62E-05,1.83E-05,1.60E-05,1.73E-05,1.56E-05,1.69E-05,1.86E-05,1.54E-05,1.78E-05,1.97E-05,1.71E-05,1.80E-05,1.90E-05,1.92E-05,1.66E-05,1.78E-05,2.09E-05,1.40E-05,1.58E-05,1.86E-05,1.69E-05,1.83E-05,1.68E-05,1.53E-05,1.88E-05,1.63E-05,1.56E-05
PC(40:5),PC,2.13E-05,2.01E-05,1.95E-05,1.69E-05,2.24E-05,2.28E-05,1.67E-05,2.18E-05,1.76E-05,2.08E-05,2.05E-05,1.84E-05,1.64E-05,2.25E-05,2.51E-05,1.90E-05,2.27E-05,2.33E-05,2.03E-05,2.03E-05,2.10E-05,2.35E-05,2.18E-05,2.28E-05,1.74E-05,2.01E-05,2.02E-05,1.90E-05,2.18E-05,2.09E-05,1.59E-05,2.09E-05,2.00E-05,1.82E-05,1.99E-05,2.34E-05,2.40E-05,1.68E-05,1.97E-05,1.99E-05,2.36E-05,2.69E-05,1.99E-05,2.44E-05,1.86E-05,1.93E-05,2.02E-05,1.91E-05,2.24E-05,2.15E-05,2.06E-05,2.36E-05,2.41E-05,1.95E-05
PC(40:6),PC,8.46E-05,9.23E-05,8.55E-05,6.67E-05,9.84E-05,9.71E-05,8.40E-05,9.08E-05,7.88E-05,9.28E-05,9.10E-05,8.84E-05,7.33E-05,8.80E-05,8.92E-05,7.75E-05,0.000103951,8.79E-05,8.49E-05,8.09E-05,8.41E-05,0.000110079,0.000100153,9.69E-05,8.83E-05,8.76E-05,8.99E-05,9.01E-05,8.45E-05,8.82E-05,8.50E-05,8.16E-05,8.63E-05,9.30E-05,7.99E-05,8.25E-05,0.00010309,8.66E-05,8.72E-05,9.08E-05,0.000101554,9.51E-05,9.03E-05,9.58E-05,8.01E-05,9.10E-05,8.94E-05,9.57E-05,0.000106745,0.000102905,9.57E-05,9.84E-05,0.000108301,8.76E-05
PC(40:7),PC,7.20E-05,7.17E-05,7.03E-05,6.07E-05,7.04E-05,7.13E-05,7.12E-05,7.63E-05,6.77E-05,7.39E-05,7.88E-05,7.15E-05,5.60E-05,7.38E-05,7.98E-05,6.24E-05,8.16E-05,8.46E-05,6.50E-05,6.75E-05,6.45E-05,8.75E-05,7.35E-05,7.45E-05,6.52E-05,8.09E-05,7.60E-05,7.77E-05,7.25E-05,7.02E-05,6.42E-05,7.02E-05,7.72E-05,8.02E-05,6.64E-05,6.81E-05,8.55E-05,6.90E-05,6.94E-05,7.61E-05,7.81E-05,6.74E-05,7.01E-05,8.53E-05,7.64E-05,7.23E-05,6.99E-05,6.84E-05,8.42E-05,9.54E-05,7.64E-05,8.91E-05,9.22E-05,7.47E-05
PE(36:1),PE,4.04E-05,3.57E-05,3.07E-05,2.79E-05,4.33E-05,3.82E-05,2.89E-05,3.14E-05,3.80E-05,3.67E-05,3.42E-05,3.43E-05,3.88E-05,4.50E-05,3.46E-05,3.44E-05,4.33E-05,3.00E-05,3.99E-05,2.81E-05,3.41E-05,4.02E-05,4.25E-05,4.78E-05,4.50E-05,3.09E-05,3.70E-05,4.38E-05,3.26E-05,3.52E-05,3.23E-05,3.29E-05,3.54E-05,3.06E-05,3.44E-05,3.50E-05,3.77E-05,3.34E-05,2.93E-05,2.86E-05,4.45E-05,4.18E-05,4.21E-05,3.16E-05,3.02E-05,3.23E-05,3.70E-05,3.49E-05,3.49E-05,3.90E-05,3.57E-05,3.74E-05,3.39E-05,2.95E-05
PE(36:4),PE,3.82E-05,3.48E-05,3.77E-05,2.66E-05,3.99E-05,3.60E-05,3.61E-05,3.77E-05,3.66E-05,3.65E-05,4.34E-05,3.57E-05,4.34E-05,4.07E-05,3.90E-05,3.87E-05,4.20E-05,4.00E-05,2.97E-05,3.75E-05,3.03E-05,4.27E-05,3.30E-05,3.75E-05,3.26E-05,4.13E-05,4.00E-05,3.05E-05,3.89E-05,3.59E-05,3.67E-05,3.75E-05,4.38E-05,4.94E-05,4.69E-05,4.82E-05,4.49E-05,2.67E-05,3.60E-05,4.60E-05,3.56E-05,4.48E-05,3.34E-05,4.23E-05,3.37E-05,3.51E-05,3.61E-05,3.71E-05,5.70E-05,5.92E-05,4.68E-05,6.24E-05,5.57E-05,4.25E-05
PE(38:1),PE,4.40E-06,3.08E-06,2.95E-06,3.13E-06,5.13E-06,3.36E-06,2.50E-06,2.18E-06,4.29E-06,4.31E-06,-3.77E-08,2.48E-06,2.86E-06,5.38E-06,3.66E-06,4.88E-06,4.12E-06,2.23E-06,2.51E-06,1.50E-06,3.12E-06,3.40E-06,3.50E-06,6.82E-06,6.70E-06,1.89E-06,3.39E-06,5.03E-06,3.08E-06,3.98E-06,3.51E-06,4.70E-08,4.07E-06,2.31E-06,2.75E-06,1.86E-06,3.41E-06,2.74E-06,2.79E-06,2.28E-06,4.83E-06,4.16E-06,6.84E-06,2.47E-06,3.36E-06,1.68E-06,4.35E-06,3.36E-06,2.02E-06,-3.85E-08,-3.70E-08,3.08E-06,2.98E-06,2.30E-06
PE(38:2),PE,4.95E-06,3.72E-06,4.92E-06,3.07E-06,5.90E-06,3.74E-06,2.09E-06,3.13E-06,5.49E-06,6.50E-06,4.67E-06,3.40E-06,5.43E-06,5.90E-06,2.22E-06,5.75E-06,4.71E-06,2.11E-06,3.01E-06,1.57E-06,4.26E-06,4.03E-06,3.84E-06,6.05E-06,6.63E-06,2.27E-06,5.18E-06,3.62E-06,5.20E-06,4.86E-06,5.24E-06,5.58E-06,4.94E-06,3.41E-06,4.33E-06,2.73E-06,4.46E-06,3.56E-06,3.38E-06,3.20E-06,6.01E-06,3.53E-06,7.36E-06,2.77E-06,5.12E-06,2.59E-06,6.23E-06,4.09E-06,2.50E-06,5.20E-06,3.42E-06,3.20E-06,2.17E-06,3.53E-06
PE(38:5),PE,,,,,,,,,,,,,,,,,,,,,,,,,,,,,,,,,,,,,,,,,,,,,,,,,,,,,,
PE(38:6),PE,0.000103822,0.000119835,0.00010889,8.23E-05,0.000124591,0.00011856,8.76E-05,0.000110256,0.000116501,0.000128735,0.000132081,0.000105577,5.51E-05,0.000118953,0.000120764,0.000112003,0.000138353,0.000112768,9.22E-05,0.000121427,0.000104135,0.000130084,0.000114764,0.000115914,9.97E-05,0.000124322,0.000115532,0.000105633,0.000105912,0.000118419,0.000128744,0.000133145,0.000134685,0.00015119,0.000130421,9.57E-05,0.000122123,8.05E-05,0.000112851,0.000136251,0.000121292,5.86E-05,0.000112948,0.00011499,8.79E-05,0.000122106,0.000113195,0.00012827,0.000141572,0.000172698,0.000145918,0.000157163,0.000174701,0.000134201
PE(40:4),PE,,,,,,,,,,,,,,,,,,,,,,,,,,,,,,,,,,,,,,,,,,,,,,,,,,,,,,
PE(40:5),PE,2.08E-05,2.30E-05,2.15E-05,1.60E-05,2.55E-05,2.40E-05,1.97E-05,2.40E-05,2.21E-05,2.35E-05,2.29E-05,2.20E-05,2.03E-05,2.44E-05,2.14E-05,1.98E-05,2.80E-05,2.13E-05,2.10E-05,2.33E-05,1.99E-05,2.54E-05,2.27E-05,2.44E-05,2.21E-05,2.22E-05,2.38E-05,2.08E-05,1.87E-05,2.12E-05,2.17E-05,2.00E-05,2.07E-05,2.27E-05,2.17E-05,2.02E-05,2.42E-05,1.88E-05,2.05E-05,2.63E-05,2.32E-05,2.62E-05,2.08E-05,2.32E-05,1.79E-05,2.19E-05,2.05E-05,2.20E-05,2.54E-05,2.42E-05,2.11E-05,2.49E-05,2.54E-05,2.05E-05
PE(40:7),PE,4.99E-05,6.30E-05,5.42E-05,3.51E-05,6.07E-05,5.41E-05,4.94E-05,6.04E-05,5.96E-05,6.41E-05,7.04E-05,5.76E-05,2.75E-05,5.22E-05,5.50E-05,5.77E-05,7.15E-05,6.46E-05,4.54E-05,5.36E-05,5.29E-05,6.69E-05,5.38E-05,5.16E-05,4.25E-05,6.55E-05,6.15E-05,4.72E-05,5.48E-05,5.90E-05,5.28E-05,6.44E-05,6.76E-05,6.55E-05,6.26E-05,3.75E-05,6.70E-05,3.67E-05,6.10E-05,6.48E-05,5.16E-05,2.44E-05,5.11E-05,6.36E-05,4.99E-05,5.83E-05,5.69E-05,5.75E-05,6.46E-05,8.07E-05,5.72E-05,6.04E-05,7.19E-05,5.69E-05
15:1 Campesteryl ester_simulated | CE(16:1),CE,2.10E-05,-2.76E-05,7.09E-06,0.000438608,-1.24E-05,-3.93E-05,1.42E-05,-1.66E-05,-3.30E-05,-2.86E-05,9.71E-06,6.27E-07,0.000101215,9.97E-06,-4.83E-05,-2.06E-05,9.76E-05,2.29E-05,0.000103701,-2.51E-05,-2.27E-05,7.20E-05,-3.85E-05,-3.41E-05,3.57E-05,5.61E-05,1.23E-05,0.000167653,2.73E-05,-3.86E-05,5.37E-06,-3.92E-05,-1.08E-05,2.91E-05,-1.63E-05,1.61E-05,2.20E-05,1.71E-05,-1.94E-05,-2.23E-05,-1.27E-05,0.000383488,2.62E-06,0.000111916,3.21E-05,3.73E-07,-4.54E-05,-1.42E-05,0.000275351,0.000301872,0.000310045,0.000106387,0.000152709,7.87E-05
17:1 Campesteryl ester_simulated | CE(18:1) | 16:0 Stigmasteryl ester | 16:1 Sitosteryl ester,CE,-6.35E-05,-0.000104164,-8.92E-05,4.13E-06,-4.41E-05,-0.000134816,-2.60E-05,-3.72E-05,-3.01E-05,-3.38E-05,-2.78E-06,-3.60E-05,0.00035623,-2.02E-05,-7.45E-05,-6.33E-05,-3.24E-06,-3.19E-05,5.71E-06,-8.54E-05,-7.09E-05,4.19E-06,-0.0001107,-0.000108682,9.45E-06,0.000539694,-1.49E-05,0.000245583,-2.61E-05,-5.70E-05,4.62E-05,-5.12E-05,-1.01E-05,9.11E-05,-1.16E-05,0.000148208,-3.53E-05,-5.18E-05,-0.000142032,-6.11E-05,-7.54E-05,0.000532828,-5.01E-05,4.25E-05,7.42E-05,6.79E-05,7.14E-05,-4.24E-05,0.001302041,0.001478999,0.001515164,0.001082853,0.001232128,0.000576217
CE(18:2) | zymosteryl oleate | 16:1 Stigmasteryl ester | 16:2 Sitosteryl ester,CE,1.21E-05,-2.35E-05,-3.22E-05,6.24E-05,-1.19E-05,-1.05E-05,-5.13E-06,1.17E-05,2.45E-06,-2.85E-05,5.20E-08,-1.42E-05,0.000107429,-2.80E-05,-3.81E-05,-1.81E-06,2.50E-05,-3.78E-06,5.84E-05,-1.97E-05,-3.53E-05,0.000105779,-1.69E-05,4.81E-06,3.46E-05,2.95E-05,-1.82E-05,0.000167699,-3.34E-06,-3.14E-05,1.81E-05,-3.90E-05,-1.66E-05,8.29E-07,-1.39E-05,7.50E-06,5.06E-05,4.21E-05,-1.39E-05,-5.78E-06,-2.95E-05,0.000301674,1.17E-05,7.10E-05,2.63E-05,0.000202172,7.59E-06,-2.33E-05,0.000133118,0.00016394,0.000134371,7.08E-05,7.00E-05,4.93E-05
CE(20:4) | 18:3 Stigmasteryl ester,CE,3.43E-05,8.24E-05,6.02E-05,9.51E-05,7.72E-05,5.53E-05,0.000113653,0.000114269,0.00012421,0.000128257,0.000129541,0.000100243,0.00015599,0.000124523,8.44E-05,0.000118434,0.000101674,0.000125871,0.000106003,6.34E-05,8.85E-05,0.000103102,6.42E-05,7.23E-05,0.000132217,0.000500506,9.29E-05,0.000257554,9.63E-05,0.000124858,0.000193146,0.000145958,0.000160182,0.000220389,0.00017177,0.000143119,8.29E-05,8.94E-05,7.24E-05,0.000107588,6.17E-05,7.75E-05,7.58E-05,0.000105071,0.000144685,0.000156828,0.000227947,0.000123502,0.000944716,0.002000537,0.00218759,0.001046865,0.001274241,0.000711388
CE(20:5),CE,-7.23E-06,-5.97E-06,-6.44E-06,-1.44E-05,-2.88E-06,-2.61E-06,1.24E-06,-2.85E-06,3.42E-07,2.04E-06,9.22E-06,-5.65E-07,1.11E-05,-3.44E-06,5.87E-07,-2.39E-07,1.62E-06,-2.15E-06,-1.79E-06,-5.53E-06,9.31E-08,-4.18E-06,-7.72E-07,-1.83E-06,-3.33E-06,1.73E-05,2.04E-06,1.43E-05,4.18E-06,-1.97E-06,1.23E-05,8.63E-06,1.06E-05,1.66E-05,3.54E-06,1.01E-05,-8.20E-06,2.13E-07,-6.96E-06,4.33E-07,-7.50E-06,6.28E-06,-4.54E-06,6.88E-06,1.03E-05,3.55E-06,-2.98E-06,-3.75E-08,5.32E-05,6.71E-05,8.33E-05,6.12E-05,8.99E-05,3.59E-05
CE(22:6),CE,9.80E-05,0.000208212,0.000267187,0.000260859,0.000329542,0.000178128,0.000385798,0.00034483,0.000362767,0.000432888,0.000520137,0.00042162,0.000598505,0.000484158,0.000307764,0.000622566,0.000374678,0.00056165,0.000372025,0.000176911,0.000481523,0.000344311,0.000252561,0.000133513,0.000393747,0.000796748,0.000424104,0.000689103,0.000500215,0.000582647,0.000678571,0.000631172,0.000623581,0.000782404,0.000697084,0.000615615,0.000304652,0.000267616,0.000240717,0.000274461,0.000179293,0.00013131,0.000360135,0.000436959,0.000627352,0.000492832,0.000415418,0.000479196,0.002050116,0.001532012,0.002170451,0.001698628,0.002169143,0.001156339
LPC(24:0),PC,9.79E-07,1.33E-07,5.67E-08,2.46E-07,1.54E-07,1.38E-07,1.17E-07,1.56E-07,1.34E-07,1.55E-07,1.90E-07,2.18E-07,3.85E-07,2.59E-07,4.45E-08,1.24E-07,9.99E-08,7.74E-08,4.64E-08,5.34E-08,3.93E-08,1.81E-07,-7.99E-09,2.83E-07,1.86E-07,3.49E-07,1.16E-07,3.51E-07,1.72E-07,2.02E-07,1.84E-07,2.10E-07,9.53E-08,1.67E-07,2.28E-07,5.65E-07,1.80E-07,-2.49E-08,3.79E-08,5.61E-08,1.84E-07,6.28E-07,5.86E-07,2.79E-08,2.22E-07,2.71E-07,3.60E-07,2.54E-07,2.01E-07,3.66E-07,4.16E-07,5.98E-07,5.25E-07,5.28E-07
[TG(52:3)]_FA18:1,TAG,8.49E-06,3.96E-06,-4.83E-06,6.96E-05,8.73E-06,1.21E-05,9.50E-07,1.14E-05,-7.59E-06,-1.27E-05,-6.75E-06,-8.34E-07,1.67E-05,3.13E-05,9.50E-07,-5.47E-06,2.51E-05,-1.30E-05,-1.07E-05,-6.78E-06,0.000131804,1.70E-05,-8.52E-06,2.45E-05,2.60E-06,5.47E-05,0.000302679,6.94E-06,3.84E-06,-1.01E-05,-1.37E-05,-1.54E-06,-8.64E-06,1.03E-05,6.51E-05,-7.80E-06,-4.71E-06,-4.58E-06,-1.68E-05,-6.70E-06,-7.04E-06,8.71E-07,-7.79E-06,4.49E-05,0.221711375,1.72E-06,-1.50E-05,-1.16E-05,0.000155721,2.64E-05,-7.09E-06,-9.66E-06,2.95E-06,-1.05E-05
[TG(54:5)]_FA20:4,TAG,1.78E-05,2.68E-05,2.45E-05,1.35E-05,2.18E-05,2.31E-05,2.24E-05,1.67E-05,1.62E-05,1.80E-05,2.25E-05,1.82E-05,2.91E-05,2.80E-05,1.77E-05,3.25E-05,2.62E-05,2.80E-05,2.31E-05,1.69E-05,2.25E-05,2.05E-05,1.98E-05,2.06E-05,3.15E-05,3.07E-05,2.35E-05,1.83E-05,2.35E-05,2.62E-05,3.04E-05,3.56E-05,2.32E-05,4.92E-05,1.98E-05,3.17E-05,1.61E-05,2.20E-05,1.51E-05,1.46E-05,1.65E-05,2.10E-05,1.05E-05,1.96E-05,0.000631318,1.37E-05,1.38E-05,1.40E-05,2.07E-05,4.10E-05,2.69E-05,2.61E-05,1.02E-05,2.20E-05
FA(16:0),FA,0.003283651,0.001107552,0.001592198,0.007517603,0.001101412,0.004257146,0.003420734,0.004539465,0.000350595,0.001231957,0.002573127,0.004886399,0.004782323,0.000733536,0.00112567,0.000107411,0.002646548,-0.001153426,,0.003304902,0.000400608,0.007279597,-0.000494081,0.00398482,0.004091319,0.000983092,0.003591378,0.003591846,0.003542497,0.000263782,0.005687137,-7.03E-05,0.001285578,0.001392018,0.000516191,0.000270424,0.001758283,0.002080785,0.006435528,0.000910296,0.000718914,0.002052132,0.003870155,0.005804868,-0.003431232,0.004989806,0.000388845,0.002118712,0.001108684,0.001670901,0.001311973,8.16E-05,0.000726725,0.001928487
FA(16:1),FA,1.51E-05,-4.55E-06,1.77E-05,0.000418336,6.97E-05,2.09E-05,7.73E-06,2.91E-05,6.84E-06,-7.81E-06,1.22E-05,3.01E-05,3.68E-05,3.17E-05,6.71E-06,2.49E-06,2.52E-05,4.77E-05,,2.40E-05,2.78E-06,4.95E-05,-5.81E-06,2.01E-05,2.34E-05,3.17E-05,4.85E-05,9.51E-05,3.32E-05,-2.52E-06,1.88E-05,-3.41E-06,-8.56E-06,3.30E-05,3.84E-06,-6.04E-06,9.08E-05,1.49E-05,2.20E-06,-9.81E-07,1.48E-05,2.47E-05,3.28E-05,5.61E-05,-4.67E-05,3.78E-05,0.000107925,1.27E-05,0.000150082,5.58E-06,9.19E-06,1.30E-06,8.17E-06,2.46E-05
FA(18:0),FA,0.003403952,0.001462939,0.00227692,0.00869936,0.000937128,0.00442661,0.004239397,0.004784675,0.000949223,-0.001156669,0.002680909,0.005020254,0.005792723,0.000791494,0.001235492,6.36E-05,0.003142405,-0.001431895,,0.004076899,0.000291653,0.008582035,-0.0005495,0.004275442,0.004611241,0.000787158,0.003611678,0.003556108,0.00375461,0.000285964,0.006054796,-0.000241966,0.000914169,0.001179758,0.00033874,8.55E-05,0.001694495,0.002391784,0.007601108,0.001174028,0.000588776,0.002735421,0.003986985,0.006477723,-0.003621422,0.004723117,7.48E-05,0.002130219,0.000612612,0.001770088,0.001272269,-0.000176385,0.000324022,0.001768362
FA(18:1),FA,0.000131251,4.55E-05,5.96E-05,0.000665009,0.000198739,0.000242503,0.000153431,0.000343247,-1.14E-05,7.87E-06,0.000167226,0.00030644,0.000222552,8.65E-05,6.31E-05,-1.94E-06,0.000130947,0.000165331,,4.91E-05,1.03E-05,0.000275884,-2.85E-05,0.000160626,0.000311216,8.23E-05,0.000184334,0.000332942,0.000216207,1.08E-05,0.000302848,-6.36E-06,9.25E-06,8.29E-05,7.03E-05,-2.88E-05,9.30E-05,0.000162554,0.000215809,1.01E-05,2.80E-05,9.93E-05,0.000237286,0.000204871,-0.000208746,0.000336174,-1.95E-06,0.000146694,0.000188654,9.12E-05,0.000113885,-8.75E-07,4.24E-05,0.000205954
FA(18:2),FA,1.67E-05,-1.45E-05,-1.42E-05,0.000112875,3.89E-05,2.49E-05,1.33E-05,4.31E-05,-5.32E-06,-1.90E-05,3.38E-05,4.97E-05,3.19E-05,9.72E-06,1.16E-05,-8.83E-06,2.34E-05,4.48E-05,,-2.08E-05,-5.55E-06,3.44E-05,-1.13E-05,1.71E-05,5.37E-05,6.82E-06,4.41E-05,7.94E-05,2.51E-05,-1.16E-05,5.26E-05,-2.17E-06,,2.59E-05,1.14E-05,-7.62E-07,2.91E-05,1.90E-05,3.29E-05,-1.01E-05,7.52E-07,2.64E-06,3.34E-05,1.93E-05,-5.01E-05,4.18E-05,-2.52E-06,2.08E-05,4.75E-05,5.76E-06,1.62E-05,-6.53E-06,1.25E-05,3.77E-05
FA(18:3),FA,6.80E-06,-3.75E-05,1.35E-05,3.36E-07,-3.49E-05,-4.00E-05,5.59E-05,6.13E-06,-3.43E-05,-3.12E-05,7.58E-06,8.47E-06,8.32E-05,-3.71E-05,-4.09E-05,-2.93E-05,1.59E-05,7.37E-06,,-1.68E-05,-3.26E-05,-2.79E-06,-4.82E-05,-3.82E-05,8.93E-05,-1.81E-05,1.08E-05,7.39E-05,1.75E-05,-2.47E-05,1.90E-05,-3.02E-05,-2.61E-05,-9.21E-06,-4.46E-05,-4.65E-05,9.09E-06,0.00011948,2.29E-05,-1.81E-05,-3.85E-05,-3.65E-05,-3.97E-05,8.63E-06,-6.81E-05,-2.57E-05,-3.38E-05,1.23E-05,5.49E-06,-8.24E-06,6.51E-05,-4.35E-05,-3.99E-05,1.47E-05
FA(20:4),FA,2.76E-06,4.59E-06,2.27E-06,1.91E-06,3.10E-06,1.94E-06,1.81E-06,1.43E-07,2.49E-06,2.47E-06,1.99E-06,1.93E-06,4.13E-06,2.73E-06,1.63E-06,3.15E-06,1.92E-06,2.09E-06,,2.67E-06,2.41E-06,6.08E-06,3.37E-06,6.32E-06,3.88E-06,1.85E-06,3.06E-06,5.27E-06,2.85E-06,1.62E-06,4.94E-06,1.37E-06,8.02E-06,1.68E-06,2.61E-06,2.44E-06,2.36E-06,2.38E-06,1.80E-06,2.13E-06,3.10E-06,3.44E-06,4.70E-06,,-6.04E-07,4.37E-06,2.68E-06,2.20E-06,1.49E-06,2.95E-06,4.00E-06,2.47E-06,1.79E-06,2.56E-06
LPE(16:0),PE,3.64E-06,4.10E-06,2.12E-06,2.59E-06,2.65E-06,2.69E-06,1.53E-06,1.34E-06,3.78E-06,2.19E-06,2.05E-06,2.88E-06,1.21E-06,1.54E-06,2.58E-06,7.26E-06,2.55E-06,2.10E-06,,1.89E-06,2.08E-06,2.65E-06,2.33E-06,3.80E-06,1.60E-06,2.77E-06,1.63E-06,2.01E-06,1.45E-06,3.72E-06,1.56E-06,2.99E-06,3.12E-06,1.56E-06,1.93E-06,2.22E-06,2.14E-06,1.75E-06,3.86E-06,3.26E-06,2.52E-06,2.54E-06,4.22E-06,1.58E-06,-8.56E-08,2.23E-06,3.18E-06,2.14E-06,2.75E-06,2.94E-06,2.44E-06,4.71E-06,3.52E-06,2.59E-06
LPE(18:0),PE,1.60E-05,1.74E-05,1.00E-05,1.33E-05,1.25E-05,1.36E-05,1.65E-05,1.51E-05,1.11E-05,1.22E-05,1.86E-05,1.46E-05,7.59E-06,1.44E-05,1.58E-05,3.59E-05,1.26E-05,1.72E-05,,9.00E-06,1.38E-05,1.67E-05,1.66E-05,1.55E-05,1.32E-05,1.81E-05,1.56E-05,1.99E-05,1.09E-05,2.22E-05,1.19E-05,2.05E-05,6.28E-06,1.51E-05,1.47E-05,1.75E-05,1.79E-05,1.59E-05,1.22E-05,1.67E-05,2.01E-05,1.35E-05,1.58E-05,1.84E-05,0,2.15E-05,1.84E-05,1.45E-05,2.79E-05,2.39E-05,2.73E-05,3.38E-05,3.33E-05,1.78E-05
LPE(18:1),PE,1.10E-05,8.16E-06,5.45E-06,1.17E-05,7.21E-06,1.08E-05,7.10E-06,9.44E-06,1.22E-05,8.39E-06,6.88E-06,8.58E-06,6.31E-06,1.09E-05,9.06E-06,1.63E-05,8.54E-06,4.76E-06,,3.54E-06,7.63E-06,1.09E-05,1.06E-05,1.30E-05,1.06E-05,7.80E-06,1.04E-05,7.28E-06,8.31E-06,1.12E-05,9.44E-06,1.08E-05,1.25E-05,6.11E-06,7.13E-06,8.02E-06,9.71E-06,4.34E-06,3.34E-06,7.09E-06,1.11E-05,9.32E-06,1.72E-05,5.77E-06,0,1.09E-05,1.40E-05,7.43E-06,8.48E-06,1.89E-05,7.97E-06,1.50E-05,1.21E-05,8.47E-06
LPI(16:0) | PI(16:0),PI,4.35E-08,1.20E-07,2.34E-08,-5.90E-08,-7.37E-09,5.59E-08,7.90E-09,,1.75E-07,5.71E-07,-8.93E-08,4.21E-07,,,-1.02E-07,4.91E-07,,-1.81E-07,,,-1.29E-07,,-1.52E-07,1.06E-06,-4.48E-08,1.43E-08,2.24E-09,6.20E-08,-1.39E-07,-1.30E-07,-4.96E-08,-7.39E-08,1.53E-06,-9.49E-08,-1.58E-07,5.95E-07,-2.22E-08,-1.20E-07,4.39E-06,,-5.79E-08,1.75E-07,-2.63E-08,2.35E-07,-1.91E-07,1.22E-07,-4.38E-08,-1.28E-07,-1.58E-07,-1.01E-07,-1.21E-07,-2.44E-09,-2.04E-08,-1.66E-07
LPS(16:0) | PS(16:0),PS,5.77E-08,1.12E-06,-1.27E-07,5.66E-07,3.34E-07,-3.10E-07,-2.07E-07,-3.24E-07,1.04E-06,1.25E-06,-5.05E-07,-3.69E-07,1.45E-06,-5.81E-07,1.02E-07,-6.23E-09,-1.36E-07,-8.19E-07,,9.08E-07,-4.09E-07,1.61E-06,1.03E-07,-6.88E-07,4.13E-07,-2.39E-07,1.19E-07,-5.56E-08,-3.09E-07,-4.91E-07,-1.88E-07,-1.49E-07,3.61E-06,-5.35E-07,-6.16E-07,-6.90E-07,-1.35E-07,2.94E-07,4.17E-06,-1.52E-07,-1.70E-07,8.57E-07,1.15E-08,1.89E-06,-8.43E-07,-7.60E-07,-2.88E-07,-4.14E-07,-5.53E-07,-4.48E-08,-4.03E-07,-3.46E-07,1.47E-07,-3.03E-07
LPS(18:0) | PS(18:0),PS,7.04E-07,3.29E-06,1.22E-06,-8.03E-07,1.16E-06,8.79E-07,1.30E-06,5.92E-07,1.14E-06,2.19E-06,1.78E-07,4.03E-07,9.73E-07,6.57E-07,7.96E-07,2.30E-07,8.03E-07,-4.59E-07,,2.25E-06,3.35E-07,5.42E-07,4.23E-07,1.57E-06,1.06E-06,-7.17E-08,2.27E-07,8.13E-07,1.67E-07,8.39E-07,2.08E-07,2.03E-07,2.10E-06,-3.47E-07,-4.49E-07,4.94E-07,4.23E-07,3.83E-08,5.41E-06,9.14E-07,2.28E-08,8.14E-07,2.93E-07,2.10E-06,-6.08E-07,7.84E-07,4.44E-07,-1.34E-07,-1.09E-08,2.87E-07,1.98E-08,-8.97E-08,2.60E-07,-2.52E-07
LPG(16:0),PG,4.30E-07,6.76E-07,2.10E-07,1.64E-07,1.28E-07,,2.97E-07,3.71E-07,2.56E-07,8.40E-07,9.93E-08,1.19E-07,6.23E-07,1.30E-07,4.56E-07,1.04E-06,1.77E-07,9.51E-09,,,6.23E-08,2.83E-07,1.91E-07,4.90E-07,1.97E-07,2.92E-07,1.82E-07,7.58E-07,1.52E-07,3.19E-07,2.28E-07,5.78E-07,1.45E-06,6.75E-08,3.92E-07,,1.29E-07,3.07E-07,2.19E-06,,5.45E-07,4.21E-07,4.87E-07,7.70E-07,0,5.82E-08,9.44E-07,7.03E-08,3.83E-08,6.38E-08,3.95E-08,5.97E-07,6.74E-07,3.28E-07
LPG(18:0) | PG(18:0),PG,2.04E-06,8.47E-08,-2.75E-08,-2.22E-07,-5.50E-09,4.82E-07,1.92E-07,6.27E-08,-1.10E-07,4.49E-07,-1.63E-07,3.18E-07,,-1.49E-07,2.57E-07,-1.05E-07,-1.09E-08,-4.75E-08,,2.93E-07,-1.16E-07,1.11E-07,-2.78E-08,3.72E-07,1.09E-07,-1.27E-07,9.97E-08,8.31E-08,-8.82E-08,1.73E-09,1.03E-07,-1.64E-07,,-1.50E-07,-1.89E-07,-6.89E-08,-1.54E-07,-1.71E-07,6.81E-07,7.03E-08,-6.73E-08,2.36E-07,8.85E-07,7.21E-08,-3.13E-07,-7.38E-08,4.97E-07,-4.23E-08,2.68E-08,-4.04E-08,-1.49E-07,-6.92E-08,3.18E-08,6.01E-08
LPG(18:1) | PG(18:1),PG,2.05E-06,3.13E-06,5.75E-07,5.57E-07,8.77E-07,2.18E-06,1.01E-06,7.11E-07,8.84E-07,7.42E-07,8.08E-07,5.40E-07,1.03E-06,1.86E-06,9.74E-07,1.14E-05,7.89E-07,6.11E-07,,9.24E-07,2.41E-06,1.60E-06,1.46E-06,3.37E-06,1.38E-06,1.04E-06,7.31E-07,2.83E-06,7.81E-07,3.61E-06,1.83E-06,5.30E-06,1.55E-06,8.59E-07,1.29E-06,2.01E-06,2.27E-06,2.06E-06,,1.11E-06,4.92E-06,1.02E-06,1.77E-06,1.16E-06,0,2.87E-06,6.86E-06,2.06E-06,9.56E-07,6.37E-07,1.03E-06,5.02E-06,6.47E-06,1.76E-06
LPG(20:4) | PG(20:4),PG,3.34E-07,2.79E-07,,2.93E-07,1.49E-07,,,,3.76E-07,7.00E-07,2.20E-07,1.37E-07,4.52E-07,3.95E-07,2.40E-07,2.22E-06,1.51E-07,1.04E-07,,5.36E-07,4.69E-07,,4.69E-08,8.54E-07,3.02E-07,3.33E-07,1.29E-07,5.23E-07,1.06E-07,6.97E-07,2.82E-07,9.45E-07,1.29E-06,1.45E-07,2.39E-07,6.05E-07,3.48E-07,5.15E-07,,1.23E-07,1.07E-06,2.63E-07,2.75E-07,,0,8.52E-08,1.19E-06,4.38E-07,1.76E-07,1.35E-07,1.38E-07,9.36E-07,1.31E-06,2.18E-07
PG(32:0),PG,4.59E-06,3.02E-06,4.54E-06,3.48E-06,6.26E-06,5.29E-06,1.46E-06,5.92E-06,3.50E-06,1.82E-06,5.52E-06,4.42E-06,6.72E-06,5.56E-06,4.66E-06,5.17E-06,4.94E-06,1.08E-05,,5.78E-06,3.78E-06,6.56E-06,4.28E-06,2.22E-07,5.96E-06,5.06E-06,3.84E-06,5.67E-06,4.90E-06,4.37E-06,4.57E-06,5.03E-06,3.41E-06,6.48E-06,7.12E-06,5.97E-06,5.26E-06,3.40E-06,1.03E-05,6.25E-06,5.63E-06,6.79E-06,6.55E-06,6.06E-06,-1.71E-07,5.39E-06,4.32E-06,4.49E-06,8.09E-06,7.09E-06,6.33E-06,6.12E-06,6.97E-06,5.27E-06
PG(32:1),PG,1.45E-06,4.64E-07,6.07E-07,2.99E-07,8.89E-08,2.14E-07,4.52E-07,2.27E-07,1.12E-06,,3.42E-08,1.52E-07,1.20E-06,3.66E-07,3.80E-07,-6.82E-08,7.12E-07,4.78E-07,,1.27E-06,5.61E-08,5.86E-07,6.62E-07,2.23E-07,1.72E-07,2.82E-07,3.56E-07,3.02E-07,1.01E-06,5.47E-07,3.81E-08,2.93E-07,3.53E-06,5.30E-07,5.99E-07,6.07E-09,9.00E-07,4.73E-07,1.80E-06,9.87E-07,1.33E-07,6.10E-07,8.25E-07,2.11E-07,-2.08E-07,2.51E-07,2.84E-07,3.08E-07,7.93E-07,3.22E-07,6.16E-07,5.32E-07,3.23E-07,1.00E-06
PG(34:1),PG,1.26E-05,1.17E-05,1.22E-05,9.19E-06,1.11E-05,1.54E-05,1.39E-05,1.55E-05,1.23E-05,1.72E-05,1.53E-05,1.12E-05,1.53E-05,1.64E-05,1.55E-05,1.39E-05,1.10E-05,2.93E-05,,1.47E-05,1.14E-05,1.78E-05,1.13E-05,1.26E-05,1.70E-05,1.41E-05,1.15E-05,1.09E-05,1.11E-05,1.19E-05,1.34E-05,1.30E-05,2.05E-05,1.60E-05,1.92E-05,1.41E-05,1.32E-05,9.90E-06,9.13E-06,1.42E-05,1.41E-05,1.38E-05,1.49E-05,1.54E-05,-2.77E-07,1.30E-05,1.00E-05,1.22E-05,1.89E-05,1.51E-05,1.38E-05,1.26E-05,1.39E-05,1.40E-05
PG(34:2),PG,1.48E-07,6.99E-08,1.61E-06,4.08E-07,-4.69E-08,6.98E-08,-1.05E-07,-1.45E-07,5.51E-07,,2.15E-07,9.48E-07,9.67E-07,-8.16E-08,2.64E-08,-4.31E-08,2.56E-07,1.49E-07,,1.39E-06,-1.50E-07,5.64E-07,9.58E-08,1.80E-07,2.55E-07,-1.16E-07,2.26E-07,1.58E-07,2.43E-08,-2.57E-07,2.31E-07,4.69E-08,2.59E-06,1.51E-07,1.85E-07,-6.44E-08,9.23E-08,1.44E-07,,9.64E-08,1.19E-07,5.23E-07,4.03E-07,7.86E-07,-3.33E-07,9.98E-08,3.82E-07,1.73E-08,6.55E-07,3.02E-07,1.64E-07,6.84E-08,1.33E-07,2.22E-07
PG(36:0),PG,9.98E-07,6.18E-07,5.09E-07,9.41E-07,6.56E-07,2.14E-07,5.59E-07,9.94E-07,2.10E-06,1.80E-06,2.89E-07,1.46E-06,5.73E-07,3.36E-07,5.09E-07,1.03E-06,1.99E-08,1.37E-06,,1.08E-06,1.72E-07,2.38E-06,3.01E-07,1.77E-06,8.24E-07,2.40E-06,1.04E-07,1.40E-07,2.31E-07,1.53E-06,1.02E-08,1.64E-06,2.03E-06,3.04E-06,9.54E-07,3.29E-06,1.10E-06,-3.19E-07,1.36E-06,-2.61E-09,1.35E-06,-1.34E-08,1.43E-06,3.56E-07,-3.86E-07,1.68E-06,2.64E-06,2.89E-07,3.43E-06,4.46E-07,3.85E-06,5.27E-06,4.81E-06,2.70E-06
PG(36:1),PG,1.16E-05,8.51E-06,8.15E-06,1.61E-05,1.22E-05,1.55E-05,1.21E-05,1.83E-05,1.17E-05,8.73E-06,1.74E-05,1.26E-05,1.67E-05,2.40E-05,1.67E-05,1.27E-05,9.07E-06,4.20E-05,,1.34E-05,1.32E-05,8.29E-06,2.00E-05,2.57E-05,1.79E-05,3.00E-05,1.67E-05,1.49E-05,1.51E-05,1.92E-05,2.17E-05,2.06E-05,2.84E-05,2.64E-05,3.78E-05,2.92E-05,1.84E-05,1.54E-05,9.11E-06,1.30E-05,2.17E-05,1.42E-05,2.84E-05,4.73E-06,-1.67E-07,1.87E-05,1.42E-05,2.16E-05,5.10E-05,3.13E-05,5.17E-05,4.10E-05,4.37E-05,4.02E-05
PG(36:2),PG,0.000249586,0.000187623,0.00022931,0.000200426,0.000224199,0.000299628,0.000228349,0.000199373,0.000206681,0.000121198,0.000206307,0.000176661,0.000300659,0.00026382,0.000229035,0.000208251,0.000194782,0.000263167,,0.000279916,0.00018424,0.000270944,0.000227242,0.000298975,0.000208228,0.000319374,0.000223033,0.000214986,0.000225066,0.000210708,0.000295638,0.00024007,0.000310359,0.000316301,0.000360107,0.000343326,0.000261023,0.000204457,0.00025223,0.000217088,0.000277566,0.000249735,0.000220401,0.000231597,-1.52E-07,0.000225589,0.000266061,0.000231275,0.000382136,0.000355412,0.00037789,0.000389747,0.000402674,0.000369734
PG(38:4),PG,2.07E-06,1.43E-06,4.55E-07,5.54E-07,7.15E-07,1.73E-06,1.20E-06,1.17E-06,1.04E-06,1.89E-06,1.07E-06,6.59E-07,1.85E-06,7.52E-07,9.38E-08,1.14E-06,1.09E-06,2.55E-06,,5.51E-06,1.08E-06,1.39E-06,1.11E-06,1.13E-06,7.77E-07,9.09E-07,6.49E-07,1.46E-06,1.08E-06,1.21E-06,1.33E-06,1.28E-06,1.33E-05,9.50E-07,1.40E-06,1.15E-06,7.35E-07,1.36E-06,7.04E-06,1.51E-06,1.13E-06,8.91E-07,8.15E-07,8.75E-06,0,8.80E-07,1.72E-07,1.20E-06,1.42E-06,1.02E-06,4.00E-08,1.16E-06,1.23E-06,1.30E-06
PI(36:1),PI,4.87E-06,3.99E-06,4.10E-06,3.20E-06,5.61E-06,4.82E-06,3.76E-06,4.19E-06,4.86E-06,4.20E-06,5.28E-06,4.84E-06,5.79E-06,6.53E-06,5.67E-06,5.45E-06,4.07E-06,5.34E-06,,7.46E-06,4.24E-06,4.10E-06,5.22E-06,5.25E-06,4.64E-06,7.01E-06,4.66E-06,5.57E-06,4.80E-06,6.15E-06,3.77E-06,3.76E-06,5.96E-06,4.97E-06,5.12E-06,7.87E-06,5.18E-06,4.70E-06,1.70E-06,4.86E-06,5.82E-06,4.66E-06,5.66E-06,5.69E-06,0,5.72E-06,4.80E-06,4.97E-06,6.38E-06,5.40E-06,6.31E-06,6.99E-06,5.50E-06,4.83E-06
PI(36:2),PI,9.97E-06,7.10E-06,6.82E-06,8.21E-06,1.10E-05,7.59E-06,8.48E-06,9.04E-06,8.73E-06,7.17E-06,8.43E-06,7.42E-06,1.26E-05,1.13E-05,8.94E-06,1.13E-05,9.30E-06,1.09E-05,,1.14E-05,8.27E-06,8.27E-06,7.59E-06,1.04E-05,1.00E-05,1.18E-05,7.87E-06,1.04E-05,9.64E-06,8.15E-06,1.02E-05,9.20E-06,1.42E-05,7.30E-06,1.22E-05,1.13E-05,8.28E-06,7.64E-06,8.49E-06,9.41E-06,8.86E-06,1.08E-05,9.76E-06,1.07E-05,0,9.64E-06,8.50E-06,8.92E-06,1.02E-05,8.69E-06,9.56E-06,1.08E-05,1.00E-05,8.08E-06
PI(36:4),PI,5.03E-05,4.10E-05,4.31E-05,3.53E-05,4.97E-05,5.21E-05,4.06E-05,5.57E-05,4.38E-05,3.97E-05,4.42E-05,4.73E-05,5.43E-05,4.85E-05,5.14E-05,5.61E-05,4.65E-05,5.17E-05,,4.71E-05,4.09E-05,4.88E-05,4.54E-05,5.13E-05,5.07E-05,5.69E-05,4.57E-05,4.95E-05,4.73E-05,4.51E-05,4.40E-05,4.12E-05,4.47E-05,4.76E-05,5.21E-05,5.49E-05,5.86E-05,4.84E-05,5.81E-05,4.57E-05,5.58E-05,4.84E-05,5.63E-05,5.05E-05,-1.45E-07,4.65E-05,5.19E-05,5.43E-05,7.01E-05,5.51E-05,5.61E-05,5.89E-05,5.83E-05,5.62E-05
PI(38:4),PI,0.000136726,0.00013119,0.0001184,8.63E-05,0.00014394,0.000144398,0.000120581,0.000148818,0.000116839,0.000118979,0.000117262,0.000129115,0.000143735,0.000129183,0.000144265,0.000149271,0.000114063,0.000162889,,0.000132339,0.000118931,0.000127096,0.000121333,0.000131703,0.000144125,0.000151807,0.000129317,0.000128315,0.000128559,0.000123767,0.000129691,0.000121401,0.000142866,0.000137757,0.000141839,0.000146954,0.000157716,0.000130463,0.000134246,0.000143953,0.000148093,0.000134664,0.0001395,0.00014284,0,0.000135335,0.000134034,0.000143745,0.000180001,0.000142546,0.000151077,0.000164252,0.000150678,0.000141633
PI(38:5),PI,2.53E-05,2.07E-05,1.99E-05,2.05E-05,2.54E-05,2.36E-05,2.45E-05,2.80E-05,2.39E-05,1.90E-05,2.61E-05,2.32E-05,2.93E-05,2.75E-05,3.02E-05,2.93E-05,2.36E-05,2.72E-05,,2.54E-05,2.43E-05,2.30E-05,2.01E-05,2.77E-05,2.57E-05,3.48E-05,2.39E-05,2.75E-05,2.47E-05,2.23E-05,2.33E-05,2.36E-05,3.08E-05,2.17E-05,2.96E-05,2.81E-05,2.85E-05,2.12E-05,2.83E-05,2.56E-05,2.48E-05,2.58E-05,2.63E-05,2.52E-05,0,2.38E-05,2.22E-05,2.38E-05,3.16E-05,2.74E-05,2.53E-05,2.61E-05,2.76E-05,2.24E-05
PI(38:6),PI,2.37E-06,3.16E-06,2.81E-06,1.95E-06,2.64E-06,3.48E-06,2.63E-06,3.15E-06,4.30E-06,4.07E-06,3.01E-06,2.96E-06,3.72E-06,3.50E-06,2.98E-06,4.27E-06,3.22E-06,3.59E-06,,3.01E-06,2.62E-06,3.83E-06,3.20E-06,4.60E-06,3.38E-06,3.50E-06,3.34E-06,3.82E-06,3.79E-06,2.86E-06,4.15E-06,3.14E-06,3.42E-06,3.25E-06,3.32E-06,3.61E-06,3.09E-06,2.94E-06,,3.59E-06,3.32E-06,2.68E-06,3.84E-06,2.63E-06,0,4.11E-06,2.67E-06,3.77E-06,3.60E-06,5.19E-06,4.22E-06,3.82E-06,5.10E-06,3.65E-06
PI(40:5),PI,4.80E-07,5.44E-07,4.38E-07,7.14E-07,6.37E-07,4.50E-07,3.68E-07,5.13E-07,3.60E-07,,5.56E-07,8.87E-07,1.02E-06,6.99E-07,5.41E-07,4.93E-07,9.38E-07,5.64E-07,,,6.32E-07,6.24E-07,6.28E-07,4.37E-07,3.42E-07,1.04E-06,5.86E-07,8.10E-07,6.33E-07,4.79E-07,3.18E-07,5.46E-07,,7.66E-07,6.65E-07,7.93E-07,1.24E-06,6.01E-07,1.70E-06,8.33E-07,6.63E-07,6.41E-07,5.89E-07,4.49E-07,0,9.42E-07,5.12E-07,6.82E-07,9.36E-07,8.08E-07,8.06E-07,8.05E-07,5.52E-07,5.74E-07
PI(40:6),PI,6.81E-06,7.02E-06,5.95E-06,6.76E-06,8.35E-06,8.63E-06,6.17E-06,8.20E-06,7.21E-06,9.49E-06,6.39E-06,6.99E-06,6.41E-06,7.62E-06,7.84E-06,7.53E-06,9.28E-06,7.21E-06,,5.69E-06,8.00E-06,8.04E-06,7.68E-06,1.16E-05,7.91E-06,8.57E-06,8.10E-06,6.70E-06,7.75E-06,8.05E-06,7.41E-06,6.92E-06,6.73E-06,7.34E-06,7.53E-06,9.12E-06,8.08E-06,8.38E-06,3.94E-06,1.16E-05,9.52E-06,9.59E-06,9.54E-06,8.53E-06,0,9.75E-06,7.95E-06,8.97E-06,1.03E-05,1.18E-05,1.06E-05,1.20E-05,1.17E-05,9.50E-06
PI(40:8),PI,3.49E-06,2.46E-06,2.90E-06,1.31E-06,2.78E-06,2.23E-06,3.13E-06,2.33E-06,2.39E-06,3.61E-06,2.40E-06,2.45E-06,5.41E-06,3.79E-06,3.76E-06,3.83E-06,2.60E-06,2.83E-06,,3.63E-06,2.89E-06,1.79E-06,2.72E-06,3.60E-06,3.48E-06,3.39E-06,2.07E-06,3.41E-06,4.02E-06,2.38E-06,3.48E-06,2.41E-06,4.40E-06,2.27E-06,4.49E-06,3.67E-06,3.60E-06,2.63E-06,2.79E-06,3.23E-06,2.26E-06,2.37E-06,2.15E-06,2.07E-06,0,2.25E-06,2.08E-06,2.86E-06,3.62E-06,2.92E-06,3.41E-06,3.92E-06,3.74E-06,2.08E-06
PS(36:1),PS,0.000180713,0.000163034,0.00016927,0.000117887,0.000189196,0.000173665,0.000140032,0.000168836,0.000183101,0.000134645,0.000179072,0.000166237,0.000153825,0.000217677,0.000200286,0.000175335,0.000211573,0.000152778,,0.000119608,0.000147005,0.000185338,0.00018495,0.000199569,0.000194258,0.000153967,0.00018122,0.000166734,0.000166083,0.000187816,0.000192767,0.000182776,0.000171749,0.000141031,0.000189523,0.000191247,0.000186581,0.000143388,0.000140182,0.000147895,0.000196333,0.000177035,0.000280242,0.000132635,-1.53E-07,0.000203882,0.000211244,0.000174382,0.000197717,0.000201679,0.00019658,0.000266553,0.000225194,0.000209522
PS(38:4),PS,0.000210771,0.000228622,0.000231664,0.000161754,0.000206458,0.000242711,0.000174573,0.000228155,0.000187879,0.000157443,0.000234408,0.000214217,0.000199212,0.000227075,0.000246072,0.000196324,0.000228929,0.000211822,0.000147235,0.000164556,0.000178559,0.000245177,0.000203598,0.000199112,0.000183747,0.000259838,0.000206539,0.000177522,0.000199494,0.000200742,0.000186627,0.000193991,0.000206627,0.0002482,0.000232608,0.000273628,0.000259047,0.000169751,0.000188941,0.000233257,0.000224546,0.000231171,0.000221836,0.000263864,-2.77E-07,0.000255266,0.000186366,0.000212306,0.000259285,0.00024459,0.000224013,0.000312232,0.000267289,0.000240166
PS(38:6),PS,2.57E-07,1.03E-05,9.81E-06,8.68E-06,9.58E-06,9.08E-06,6.12E-06,6.56E-06,6.67E-06,1.48E-06,9.22E-06,7.27E-06,4.43E-06,8.15E-06,8.92E-06,6.03E-06,1.78E-05,8.71E-06,0.000150095,4.93E-06,7.88E-06,1.58E-05,8.69E-06,8.26E-06,6.20E-06,9.06E-06,7.59E-06,6.61E-06,7.09E-06,6.28E-06,6.72E-06,9.09E-06,1.14E-05,9.59E-06,9.45E-06,1.14E-05,1.18E-05,9.16E-06,1.36E-05,1.32E-05,9.68E-06,1.16E-05,9.86E-06,8.39E-06,0,1.48E-05,6.19E-06,9.25E-06,1.22E-05,1.30E-05,1.29E-05,1.05E-05,1.39E-05,1.12E-05
PS(40:7),PS,2.40E-06,2.11E-06,2.88E-06,9.66E-07,1.84E-06,9.24E-07,2.47E-06,3.22E-06,2.63E-07,4.22E-07,2.86E-06,1.36E-06,4.44E-06,2.39E-06,3.84E-06,1.13E-06,3.39E-06,1.43E-06,0.000112305,3.57E-07,2.29E-06,2.32E-07,1.70E-06,1.95E-06,4.93E-07,1.91E-06,3.12E-06,1.26E-06,-1.72E-07,2.22E-06,9.62E-07,2.34E-06,1.16E-06,3.23E-06,3.40E-06,3.91E-06,2.81E-06,1.35E-06,3.74E-06,8.70E-07,2.42E-06,5.14E-06,2.91E-07,1.23E-06,-2.84E-07,1.53E-06,1.87E-06,1.08E-06,2.51E-06,4.46E-06,2.72E-06,3.60E-06,3.34E-06,1.53E-06
PS(40:4),PS,7.25E-06,6.97E-06,5.23E-06,4.17E-06,6.29E-06,4.38E-06,5.28E-06,5.44E-06,5.10E-06,4.44E-06,5.08E-06,6.54E-06,4.56E-06,4.54E-06,6.11E-06,5.21E-06,7.38E-06,4.22E-06,,4.04E-06,4.52E-06,5.37E-06,5.71E-06,5.90E-06,6.12E-06,5.42E-06,5.50E-06,4.07E-06,4.35E-06,6.19E-06,5.85E-06,4.87E-06,1.22E-05,4.94E-06,5.61E-06,7.54E-06,4.48E-06,5.15E-06,4.84E-06,3.56E-06,5.52E-06,6.07E-06,6.68E-06,6.96E-06,0,5.09E-06,4.25E-06,5.99E-06,4.19E-06,5.12E-06,4.20E-06,6.93E-06,5.92E-06,3.64E-06
