"Query","Match","HMDB","PubChem","KEGG","SMILES","Comment"
"FA(20:0)","NA","NA","NA","NA","NA","0"
"FA(20:1)","NA","NA","NA","NA","NA","0"
"FA(19:0)","NA","NA","NA","NA","NA","0"
"Cer(d20:0/26:0(2OH))","NA","NA","NA","NA","NA","0"
"FA(20:3)","NA","NA","NA","NA","NA","0"
"FA(18:1)","NA","NA","NA","NA","NA","0"
"FA(15:1)","NA","NA","NA","NA","NA","0"
"FA(18:0)","NA","NA","NA","NA","NA","0"
"PI(38:7)","NA","NA","NA","NA","NA","0"
"FA(20:4)","NA","NA","NA","NA","NA","0"
"PI(14:1)","NA","NA","NA","NA","NA","0"
"LPI(14:1)","NA","NA","NA","NA","NA","0"
"LPG(18:4)","NA","NA","NA","NA","NA","0"
"PG(18:4)","NA","NA","NA","NA","NA","0"
"TG(56:8)","TG(16:0/20:4(5Z,8Z,11Z,14Z)/20:4(5Z,8Z,11Z,14Z))","HMDB0005392","131750360","C00422","CCCCCCCCCCCCCCCC(=O)OC[C@H](COC(=O)CCC/C=C\C/C=C\C/C=C\C/C=C\CCCCC)OC(=O)CCC/C=C\C/C=C\C/C=C\C/C=C\CCCCC","1"
"Cer(d20:0/26:0)","NA","NA","NA","NA","NA","0"
"TG(54:7)","TG(16:1(9Z)/18:2(9Z,12Z)/20:4(5Z,8Z,11Z,14Z))","HMDB0005447","131750405","C00422","CCCCCC/C=C\CCCCCCCC(=O)OC[C@H](COC(=O)CCC/C=C\C/C=C\C/C=C\C/C=C\CCCCC)OC(=O)CCCCCCC/C=C\C/C=C\CCCCC","1"
"TG(56:7)","TG(18:1(9Z)/18:2(9Z,12Z)/20:4(5Z,8Z,11Z,14Z))","HMDB0005462","131750416","C00422","CCCCCCCC/C=C\CCCCCCCC(=O)OC[C@H](COC(=O)CCC/C=C\C/C=C\C/C=C\C/C=C\CCCCC)OC(=O)CCCCCCC/C=C\C/C=C\CCCCC","1"
"O-oleoylcarnitine","Oleoylcarnitine","HMDB0005065","46907933",NA,"CCCCCCCC/C=C\CCCCCCCC(=O)O[C@H](CC(=O)[O-])C[N+](C)(C)C","1"
"Elaidic carnitine","Elaidic carnitine","HMDB0006464","53477837",NA,"CCCCCCCC/C=C/CCCCCCCC(=O)OC(CC(=O)[O-])C[N+](C)(C)C","1"
"Linoelaidyl carnitine","Linoelaidyl carnitine","HMDB0006461","53477834",NA,"CCCCC/C=C/C/C=C/CCCCCCCC(=O)OC(CC(=O)[O-])C[N+](C)(C)C","1"
"O-linoleoylcarnitine","NA","NA","NA","NA","NA","0"
"9,12-Hexadecadienylcarnitine","9,12-Hexadecadienoylcarnitine","HMDB0013334","53481687",NA,"CCC/C=C\C/C=C\CCCCCCCC(=O)O[C@@H](CCC(=O)[O-])[N+](C)(C)C","1"
"LPS(18:4)","NA","NA","NA","NA","NA","0"
"LPS(18:4)_2","NA","NA","NA","NA","NA","0"
"FA(15:0)","NA","NA","NA","NA","NA","0"
"TG(60:0)","TG(20:0/20:0/20:0)","HMDB0005414","522017","C00422","CCCCCCCCCCCCCCCCCCCC(=O)OCC(COC(=O)CCCCCCCCCCCCCCCCCCC)OC(=O)CCCCCCCCCCCCCCCCCCC","1"
"FA(17:0)","NA","NA","NA","NA","NA","0"
"Stearidonyl carnitine","Stearidonyl carnitine","HMDB0006463","53477835",NA,"CC/C=C\C/C=C\CC/C=C\CC/C=C\CCC(=O)OC(CC(=O)[O-])C[N+](C)(C)C","1"
"PG(42:9)","NA","NA","NA","NA","NA","0"
"Stearoylcarnitine","Stearoylcarnitine","HMDB0000848","52922056",NA,"CCCCCCCCCCCCCCCCCC(=O)OC(CC(=O)[O-])C[N+](C)(C)C","1"
"hexadecanedioic acid mono-L-carnitine ester","Hexadecanedioic acid mono-L-carnitine ester","HMDB0000712","566787",NA,"C[N+](C)(C)CC(CC(=O)[O-])OC(=O)CCCCCCCCCCCCCCC(=O)O","1"
"PE(22:2)","NA","NA","NA","NA","NA","0"
"TG(54:8)","TG(18:3(9Z,12Z,15Z)/18:2(9Z,12Z)/18:3(9Z,12Z,15Z))","HMDB0010507","14390011",NA,"CCCCC/C=C\C/C=C\CCCCCCCC(=O)OC(COC(=O)CCCCCCC/C=C\C/C=C\C/C=C\CC)COC(=O)CCCCCCC/C=C\C/C=C\C/C=C\CC","1"
"3-hydroxypalmitoleoylcarnitine","NA","NA","NA","NA","NA","0"
"Heptadecanoyl carnitine","Heptadecanoyl carnitine","HMDB0006210","53477803",NA,"CCCCCCCCCCCCCCCCC(=O)OC(CC(=O)[O-])C[N+](C)(C)C","1"
"FA(18:4)","NA","NA","NA","NA","NA","0"
"Arachidyl carnitine","Arachidyl carnitine","HMDB0006460","53477833",NA,"CCCCCCCCCCCCCCCCCCCC(=O)OC(CC(=O)[O-])C[N+](C)(C)C","1"
"O-(9Z)-17-carboxyheptadec-9-enoylcarnitine","NA","NA","NA","NA","NA","0"
"LPE(13:0)","NA","NA","NA","NA","NA","0"
"PS(O-40:4)","NA","NA","NA","NA","NA","0"
"(11Z)-eicoseneoylcarnitine","NA","NA","NA","NA","NA","0"
"TG(60:4)","TG(20:0/20:0/20:4(5Z,8Z,11Z,14Z))","HMDB0005416","131750377","C00422","CCCCCCCCCCCCCCCCCCCC(=O)OC[C@H](COC(=O)CCC/C=C\C/C=C\C/C=C\C/C=C\CCCCC)OC(=O)CCCCCCCCCCCCCCCCCCC","1"
"12-Hydroxy-12-octadecanoylcarnitine","12-Hydroxy-12-octadecanoylcarnitine","HMDB0013154","53481632",NA,"CCCCCCC(CCCCCCCCCCC(=O)OC(CC(=O)[O-])C[N+](C)(C)C)O","1"
"3-hydroxyoctadecanoylcarnitine","NA","NA","NA","NA","NA","0"
"CE(15:0)","NA","NA","NA","NA","NA","0"
"CE(15:1)","NA","NA","NA","NA","NA","0"
"FA(22:6)","NA","NA","NA","NA","NA","0"
"O-arachidonoylcarnitine","NA","NA","NA","NA","NA","0"
"PC(32:0)","PC(16:0/16:0)","HMDB0000564","452110","C00157","CCCCCCCCCCCCCCCC(=O)OC[C@H](COP(=O)([O-])OCC[N+](C)(C)C)OC(=O)CCCCCCCCCCCCCCC","1"
"PC(32:1)","PC(14:0/18:1(11Z))","HMDB0007872","24778618","C00157","CCCCCCCCCCCCCC(=O)OC[C@H](COP(=O)([O-])OCC[N+](C)(C)C)OC(=O)CCCCCCCCC/C=C\CCCCCC","1"
"PC(32:2)","PC(14:0/18:2(9Z,12Z))","HMDB0007874","24778624","C00157","CCCCCCCCCCCCCC(=O)OC[C@H](COP(=O)([O-])OCC[N+](C)(C)C)OC(=O)CCCCCCC/C=C\C/C=C\CCCCC","1"
"PC(32:3)","PC(14:0/18:3(6Z,9Z,12Z))","HMDB0007875","52922220","C00157","CCCCCCCCCCCCCC(=O)OC[C@H](COP(=O)([O-])OCC[N+](C)(C)C)OC(=O)CCCC/C=C\C/C=C\C/C=C\CCCCC","1"
"PC(O-34:0)","PC(o-16:0/18:0)","HMDB0013405","11803170",NA,"CCCCCCCCCCCCCCCCCC(=O)O[C@H](COCCCCCCCCCCCCCCCC)COP(=O)([O-])OCC[N+](C)(C)C","1"
"PC(O-34:1)","PC(o-16:1(9Z)/18:0)","HMDB0013412","53481707",NA,"CCCCCCCCCCCCCCCCCC(=O)O[C@H](COCCCCCCCC/C=C\CCCCCC)COP(=O)([O-])OCC[N+](C)(C)C","1"
"PC(O-34:2)","PC(O-16:0/18:2(9Z,12Z))","HMDB0011151","6443157",NA,"CCCCCCCCCCCCCCCCOC[C@H](COP(=O)([O-])OCC[N+](C)(C)C)OC(=O)CCCCCCC/C=C\C/C=C\CCCCC","1"
"PC(O-34:3)","PC(o-16:1(9Z)/18:2(9Z,12Z))","HMDB0013413","53481709",NA,"CCCCCC/C=C\CCCCCCCCOC[C@H](COP(=O)([O-])OCC[N+](C)(C)C)OC(=O)CCCCCCC/C=C\C/C=C\CCCCC","1"
"PC(O-34:4)","NA","NA","NA","NA","NA","0"
"PC(P-32:4)","NA","NA","NA","NA","NA","0"
"SM(d18:0/18:0)","SM(d18:0/18:0)","HMDB0012087","44260130","C00550","CCCCCCCCCCCCCCCCCC(=O)N[C@@H](COP(=O)([O-])OCC[N+](C)(C)C)[C@@H](CCCCCCCCCCCCCCC)O","1"
"SM(d18:1/18:0)","SM(d18:1/18:0)","HMDB0001348","5283588","C00550","CCCCCCCCCCCCCCCCCC(=O)N[C@@H](COP(=O)(O)OCC[N+](C)(C)C)[C@@H](/C=C/CCCCCCCCCCCCC)O","1"
"SM(d18:1/18:1)9Z))","NA","NA","NA","NA","NA","0"
"SM(d18:2/18:1)","NA","NA","NA","NA","NA","0"
"(11Z,14Z)-eicosadienoylcarnitine","NA","NA","NA","NA","NA","0"
"PC(32:4)","PC(14:0/18:4(6Z,9Z,12Z,15Z))","HMDB0007877","24778627","C00157","CCCCCCCCCCCCCC(=O)OC[C@H](COP(=O)([O-])OCC[N+](C)(C)C)OC(=O)CCCC/C=C\C/C=C\C/C=C\C/C=C\CC","1"
"PI(O-42:6)","NA","NA","NA","NA","NA","0"
"LPG(15:1)","NA","NA","NA","NA","NA","0"
"O-(17-carboxyheptadecanoyl)carnitine","NA","NA","NA","NA","NA","0"
"LPE(14:0)","LysoPE(0:0/14:0)","HMDB0011470","53480919",NA,"CCCCCCCCCCCCCC(=O)O[C@H](CO)COP(=O)(O)OCCN","1"
"PG(O-42:2)","NA","NA","NA","NA","NA","0"
"FA(22:0)","NA","NA","NA","NA","NA","0"
"CerP(d18:1/2:0)","NA","NA","NA","NA","NA","0"
"1-O-palmitoyl-Cer(d18:1/16:0)","NA","NA","NA","NA","NA","0"
"PC(34:6)","PC(14:1(9Z)/20:5(5Z,8Z,11Z,14Z,17Z))","HMDB0007918","52922286","C00157","CCCC/C=C\CCCCCCCC(=O)OC[C@H](COP(=O)([O-])OCC[N+](C)(C)C)OC(=O)CCC/C=C\C/C=C\C/C=C\C/C=C\C/C=C\CC","1"
"TG(52:6)","TG(16:1(9Z)/16:1(9Z)/20:4(5Z,8Z,11Z,14Z))","HMDB0005436","131750395","C00422","CCCCCC/C=C\CCCCCCCC(=O)OC[C@H](COC(=O)CCC/C=C\C/C=C\C/C=C\C/C=C\CCCCC)OC(=O)CCCCCCC/C=C\CCCCCC","1"
"CE(16:3)","NA","NA","NA","NA","NA","0"
"FA(18:3)","NA","NA","NA","NA","NA","0"
"1-O-tricosanoyl-Cer(d18:1/16:0)","NA","NA","NA","NA","NA","0"
"Cer(d18:1/2:0)","NA","NA","NA","NA","NA","0"
"1-O-behenoyl-Cer(d18:1/16:0)","NA","NA","NA","NA","NA","0"
"PC(34:5)","PC(14:0/20:5(5Z,8Z,11Z,14Z,17Z))","HMDB0007885","24778635","C00157","CCCCCCCCCCCCCC(=O)OC[C@H](COP(=O)([O-])OCC[N+](C)(C)C)OC(=O)CCC/C=C\C/C=C\C/C=C\C/C=C\C/C=C\CC","1"
"LPE(24:1)","LysoPE(0:0/24:1(15Z))","HMDB0011498","53480947",NA,"CCCCCCCC/C=C\CCCCCCCCCCCCCC(=O)O[C@H](CO)COP(=O)(O)OCCN","1"
"1-O-lignoceroyl-Cer(d18:1/16:0)","NA","NA","NA","NA","NA","0"
"FA(16:0)","NA","NA","NA","NA","NA","0"
"PG(34:5)_2","NA","NA","NA","NA","NA","0"
"PE(14:1)","NA","NA","NA","NA","NA","0"
"CE(16:2)","NA","NA","NA","NA","NA","0"
"zymosteryl palmitoleate","NA","NA","NA","NA","NA","0"
"(5Z,8Z)-tetradecadienoylcarnitine","NA","NA","NA","NA","NA","0"
"1-O-stearoyl-Cer(d18:1/16:0)","NA","NA","NA","NA","NA","0"
"cis-5-Tetradecenoylcarnitine","cis-5-Tetradecenoylcarnitine","HMDB0002014","22833575",NA,"CCCCCCCC/C=C\CCCC(=O)OC(CC(=O)[O-])C[N+](C)(C)C","1"
"PE(16:1)","NA","NA","NA","NA","NA","0"
"LPS(13:0)","NA","NA","NA","NA","NA","0"
"PS(12:0)_2","NA","NA","NA","NA","NA","0"
"1-O-myristoyl-Cer(d18:1/16:0)","NA","NA","NA","NA","NA","0"
"2-Hydroxymyristoylcarnitine","2-Hydroxymyristoylcarnitine","HMDB0013166","53481642",NA,"CCCCCCCCCCCCC(C(=O)OC(CC(=O)[O-])C[N+](C)(C)C)O","1"
"3-hydroxytetradecanoylcarnitine","NA","NA","NA","NA","NA","0"
"FA(16:1)","NA","NA","NA","NA","NA","0"
"LPE(22:2)","LysoPE(0:0/22:2(13Z,16Z))","HMDB0011492","53480941",NA,"CCCCC/C=C\C/C=C\CCCCCCCCCCCC(=O)O[C@H](CO)COP(=O)(O)OCCN","1"
"PC(34:4)","PC(14:0/20:4(5Z,8Z,11Z,14Z))","HMDB0007883","24778634","C00157","CCCCCCCCCCCCCC(=O)OC[C@H](COP(=O)([O-])OCC[N+](C)(C)C)OC(=O)CCC/C=C\C/C=C\C/C=C\C/C=C\CCCCC","1"
"PE(14:0)","NA","NA","NA","NA","NA","0"
"LPG(15:0)","NA","NA","NA","NA","NA","0"
"PG(O-16:0)","NA","NA","NA","NA","NA","0"
"PG(P-16:0)","NA","NA","NA","NA","NA","0"
"1-O-carboceroyl-Cer(d18:1/16:0)","NA","NA","NA","NA","NA","0"
"3-hydroxyarachidonoylcarnitine","NA","NA","NA","NA","NA","0"
"Cer(d18:2/16:0)","NA","NA","NA","NA","NA","0"
"Cer(t18:0/18:0(2OH))","NA","NA","NA","NA","NA","0"
"CerP(d18:1/26:1(17Z))","CerP(d18:1/26:1(17Z))","HMDB0010707","16061332",NA,"CCCCCCCCCCCCCCC/C=C/[C@H]([C@H](COP(=O)(O)O)NC(=O)CCCCCCCCCCCCCCC/C=C\CCCCCCCC)O","1"
"CerP(d18:1/26:0)","CerP(d18:1/26:0)","HMDB0010706","53480651",NA,"CCCCCCCCCCCCCCCCCCCCCCCCCC(=O)N[C@@H](COP(=O)(O)O)[C@@H](/C=C/CCCCCCCCCCCCC)O","1"
"SM(d18:2/20:1)","NA","NA","NA","NA","NA","0"
"PC(34:3)","PC(14:0/20:3(5Z,8Z,11Z))","HMDB0007881","53478605","C00157","CCCCCCCCCCCCCC(=O)OC[C@H](COP(=O)([O-])OCC[N+](C)(C)C)OC(=O)CCC/C=C\C/C=C\C/C=C\CCCCCCCC","1"
"Cer(d18:0/14:0)","Cer(d18:0/14:0)","HMDB0011759","10255824",NA,"CCCCCCCCCCCCCCC[C@H]([C@H](CO)NC(=O)CCCCCCCCCCCCC)O","1"
"PS(12:0)","NA","NA","NA","NA","NA","0"
"(9Z)-3-hydroxyoctadecenoylcarnitine","NA","NA","NA","NA","NA","0"
"O-(11-carboxyundecanoyl)carnitine","NA","NA","NA","NA","NA","0"
"TG(52:5)","TG(16:0/16:1(9Z)/20:4(5Z,8Z,11Z,14Z))","HMDB0005380","131750351","C00422","CCCCCCCCCCCCCCCC(=O)OC[C@H](COC(=O)CCC/C=C\C/C=C\C/C=C\C/C=C\CCCCC)OC(=O)CCCCCCC/C=C\CCCCCC","1"
"LPS(14:1)","NA","NA","NA","NA","NA","0"
"PS(14:1)_2","NA","NA","NA","NA","NA","0"
"1-O-tricosanoyl-Cer(d18:1/18:0)","NA","NA","NA","NA","NA","0"
"LPE(14:1)","LysoPE(0:0/14:1(9Z))","HMDB0011471","53480920",NA,"CCCC/C=C\CCCCCCCC(=O)O[C@H](CO)COP(=O)(O)OCCN","1"
"TG(60:5)","TG(20:0/20:1(11Z)/20:4(5Z,8Z,11Z,14Z))","HMDB0005419","131750379","C00422","CCCCCCCCCCCCCCCCCCCC(=O)OC[C@H](COC(=O)CCC/C=C\C/C=C\C/C=C\C/C=C\CCCCC)OC(=O)CCCCCCCCC/C=C\CCCCCCCC","1"
"PG(O-16:0)_2","NA","NA","NA","NA","NA","0"
"Tetradecanoylcarnitine","Tetradecanoylcarnitine","HMDB0005066","53477791",NA,"CCCCCCCCCCCCCC(=O)O[C@H](CC(=O)[O-])C[N+](C)(C)C","1"
"15:1 Campesteryl ester_simulated","NA","NA","NA","NA","NA","0"
"CE(16:1)_2","NA","NA","NA","NA","NA","0"
"(5Z,8Z)-3-hydroxytetradecadienoylcarnitine","NA","NA","NA","NA","NA","0"
"CE(16:1)","CE(16:1(9Z))","HMDB0000658","22833543","C02530","CCCCCC/C=C\CCCCCCCC(=O)OC1CC[C@@]2(C3CC[C@@]4([C@H](CCC4C3CC=C2C1)[C@H](C)CCCC(C)C)C)C","1"
"Docosa-4,7,10,13,16-pentaenoyl carnitine","Docosa-4,7,10,13,16-pentaenoyl carnitine","HMDB0006321","53477825",NA,"CCCCC/C=C/C/C=C/C/C=C/C/C=C/C/C=C/CCC(=O)OC(CC(=O)[O-])C[N+](C)(C)C","1"
"Clupanodonyl carnitine","Clupanodonyl carnitine","HMDB0006496","53477839",NA,"CC/C=C/CC/C=C/C/C=C/CC/C=C/CC/C=C/CCC(=O)OC(CC(=O)[O-])C[N+](C)(C)C","1"
"TG(58:3)","TG(18:1(9Z)/20:1(11Z)/20:1(11Z))","HMDB0005457","131750412","C00422","CCCCCCCC/C=C\CCCCCCCCCC(=O)OC[C@@H](COC(=O)CCCCCCC/C=C\CCCCCCCC)OC(=O)CCCCCCCCC/C=C\CCCCCCCC","1"
"O-behenoylcarnitine","NA","NA","NA","NA","NA","0"
"PS(14:1)","NA","NA","NA","NA","NA","0"
"(13Z,16Z)-docosadienoylcarnitine","NA","NA","NA","NA","NA","0"
"(7Z,10Z,13Z,16Z)-docosatetraenoylcarnitine","NA","NA","NA","NA","NA","0"
"(9Z,12Z)-3-hydroxyhexadecadienoylcarnitine","NA","NA","NA","NA","NA","0"
"(9Z,12Z,15Z)-3-hydroxyoctadecatrienoylcarnitine","NA","NA","NA","NA","NA","0"
"TG(48:3)","TG(16:1(9Z)/16:1(9Z)/16:1(9Z))","HMDB0005432","9543989",NA,"CCCCCC/C=C\CCCCCCCC(=O)OCC(OC(=O)CCCCCCC/C=C\CCCCCC)COC(=O)CCCCCCC/C=C\CCCCCC","1"
"TG(50:3)","TG(16:0/16:1(9Z)/18:2(9Z,12Z))","HMDB0005379","131750350","C00422","CCCCCCCCCCCCCCCC(=O)OC[C@H](COC(=O)CCCCCCC/C=C\C/C=C\CCCCC)OC(=O)CCCCCCC/C=C\CCCCCC","1"
"TG(50:4)","TG(16:1(9Z)/16:1(9Z)/18:2(9Z,12Z))","HMDB0005435","131750394","C00422","CCCCCC/C=C\CCCCCCCC(=O)OC[C@H](COC(=O)CCCCCCC/C=C\C/C=C\CCCCC)OC(=O)CCCCCCC/C=C\CCCCCC","1"
"TG(52:3)","TG(16:0/18:1(9Z)/18:2(9Z,12Z))","HMDB0005384","99647498","C00422","CCCCCCCCCCCCCCCC(=O)OC[C@H](COC(=O)CCCCCCC/C=C\C/C=C\CCCCC)OC(=O)CCCCCCC/C=C\CCCCCCCC","1"
"TG(54:0)","TG(16:0/18:0/20:0)","HMDB0005366","9544140","C00422","CCCCCCCCCCCCCCCCCCCC(=O)OC[C@@H](COC(=O)CCCCCCCCCCCCCCC)OC(=O)CCCCCCCCCCCCCCCCC","1"
"TG(54:1)","TG(16:0/18:0/20:1(11Z))","HMDB0005368","131750340","C00422","CCCCCCCCCCCCCCCCCC(=O)O[C@H](COC(=O)CCCCCCCCCCCCCCC)COC(=O)CCCCCCCCC/C=C\CCCCCCCC","1"
"TG(54:5)","TG(16:0/18:1(9Z)/20:4(5Z,8Z,11Z,14Z))","HMDB0005385","131750354","C00422","CCCCCCCCCCCCCCCC(=O)OC[C@H](COC(=O)CCC/C=C\C/C=C\C/C=C\C/C=C\CCCCC)OC(=O)CCCCCCC/C=C\CCCCCCCC","1"
"TG(54:6)","TG(16:0/18:2(9Z,12Z)/20:4(5Z,8Z,11Z,14Z))","HMDB0005391","131750359","C00422","CCCCCCCCCCCCCCCC(=O)OC[C@H](COC(=O)CCC/C=C\C/C=C\C/C=C\C/C=C\CCCCC)OC(=O)CCCCCCC/C=C\C/C=C\CCCCC","1"
"TG(56:0)","TG(16:0/20:0/20:0)","HMDB0005371","131750343","C00422","CCCCCCCCCCCCCCCCCCCC(=O)OC[C@@H](COC(=O)CCCCCCCCCCCCCCC)OC(=O)CCCCCCCCCCCCCCCCCCC","1"
"TG(56:1)","TG(16:0/20:0/20:1(11Z))","HMDB0005372","131750344","C00422","CCCCCCCCCCCCCCCCCCCC(=O)O[C@H](COC(=O)CCCCCCCCCCCCCCC)COC(=O)CCCCCCCCC/C=C\CCCCCCCC","1"
"TG(58:1)","TG(18:0/20:0/20:1(11Z))","HMDB0005400","131750366","C00422","CCCCCCCCCCCCCCCCCCCC(=O)O[C@H](COC(=O)CCCCCCCCCCCCCCCCC)COC(=O)CCCCCCCCC/C=C\CCCCCCCC","1"
"TG(58:6)","TG(18:1(9Z)/20:1(11Z)/20:4(5Z,8Z,11Z,14Z))","HMDB0005458","131750413","C00422","CCCCCCCC/C=C\CCCCCCCCCC(=O)O[C@H](COC(=O)CCCCCCC/C=C\CCCCCCCC)COC(=O)CCC/C=C\C/C=C\C/C=C\C/C=C\CCCCC","1"
"TG(58:7)","TG(18:2(9Z,12Z)/20:1(11Z)/20:4(5Z,8Z,11Z,14Z))","HMDB0005471","131750424","C00422","CCCCCCCC/C=C\CCCCCCCCCC(=O)O[C@H](COC(=O)CCCCCCC/C=C\C/C=C\CCCCC)COC(=O)CCC/C=C\C/C=C\C/C=C\C/C=C\CCCCC","1"
"TG(60:3)","TG(20:1(11Z)/20:1(11Z)/20:1(11Z))","HMDB0005464","9545117","C00422","CCCCCCCC/C=C\CCCCCCCCCC(=O)OCC(OC(=O)CCCCCCCCC/C=C\CCCCCCCC)COC(=O)CCCCCCCCC/C=C\CCCCCCCC","1"
"1-O-eicosanoyl-Cer(d18:1/16:0)","NA","NA","NA","NA","NA","0"
"3-hydroxyeicosanoylcarnitine","NA","NA","NA","NA","NA","0"
"Cervonyl carnitine","Cervonyl carnitine","HMDB0006510","53477842",NA,"CC/C=C/C/C=C/C/C=C/C/C=C/C/C=C/C/C=C/CCC(=O)OC(CC(=O)[O-])C[N+](C)(C)C","1"
"3-hydroxylinoleoylcarnitine","NA","NA","NA","NA","NA","0"
"CE(22:4)","CE(22:4(7Z,10Z,13Z,16Z))","HMDB0006729","16061341","C02530","CCCCC/C=C\C/C=C\C/C=C\C/C=C\CCCCCC(=O)O[C@H]1CC[C@@]2([C@H]3CC[C@]4([C@H]([C@@H]3CC=C2C1)CC[C@@H]4[C@H](C)CCCC(C)C)C)C","1"
"20:3 Stigmasteryl ester","NA","NA","NA","NA","NA","0"
"Cer(d18:0/18:0(2OH))","NA","NA","NA","NA","NA","0"
"Cer(d18:0/26:0)","Cer(d18:0/26:0)","HMDB0011771","644245",NA,"CCCCCCCCCCCCCCCCCCCCCCCCCC(=O)N[C@@H](CO)[C@@H](CCCCCCCCCCCCCCC)O","1"
"Cer(d18:0/h26:0)","NA","NA","NA","NA","NA","0"
"CerP(d18:1/24:0)","CerP(d18:1/24:0)","HMDB0010704","5283587",NA,"CCCCCCCCCCCCCCCCCCCCCCCC(=O)N[C@@H](COP(=O)(O)O)[C@@H](/C=C/CCCCCCCCCCCCC)O","1"
"CerP(d18:1/24:1(15Z))","CerP(d18:1/24:1(15Z))","HMDB0010705","5283586",NA,"CCCCCCCCCCCCC/C=C/[C@H]([C@H](COP(=O)(O)O)NC(=O)CCCCCCCCCCCCC/C=C\CCCCCCCC)O","1"
"FA(14:1)","NA","NA","NA","NA","NA","0"
"FA(20:5)","NA","NA","NA","NA","NA","0"
"FA(22:1)","NA","NA","NA","NA","NA","0"
"FA(22:5)","NA","NA","NA","NA","NA","0"
"Hexacosanoyl carnitine","Hexacosanoyl carnitine","HMDB0006347","53477828",NA,"CCCCCCCCCCCCCCCCCCCCCCCCCC(=O)OC(CC(=O)[O-])C[N+](C)(C)C","1"
"LPG(18:0)","NA","NA","NA","NA","NA","0"
"PG(18:0)_2","NA","NA","NA","NA","NA","0"
"LPI(19:0)","NA","NA","NA","NA","NA","0"
"Palmitoylcarnitine","L-Palmitoylcarnitine","HMDB0000222","11953816","C02990","CCCCCCCCCCCCCCCC(=O)O[C@H](CC(=O)[O-])C[N+](C)(C)C","1"
"(5Z)-13-carboxytridec-5-enoylcarnitine","NA","NA","NA","NA","NA","0"
"PC(36:7)","PC(14:1(9Z)/22:6(4Z,7Z,10Z,13Z,16Z,19Z))","HMDB0007925","52922298","C00157","CCCC/C=C\CCCCCCCC(=O)OC[C@H](COP(=O)([O-])OCC[N+](C)(C)C)OC(=O)CC/C=C\C/C=C\C/C=C\C/C=C\C/C=C\C/C=C\CC","1"
"PC(36:8)","PC(18:4(6Z,9Z,12Z,15Z)/18:4(6Z,9Z,12Z,15Z))","HMDB0008240","52922911","C00157","CC/C=C\C/C=C\C/C=C\C/C=C\CCCCC(=O)OC[C@H](COP(=O)([O-])OCC[N+](C)(C)C)OC(=O)CCCC/C=C\C/C=C\C/C=C\C/C=C\CC","1"
"PC(38:0)","PC(14:0/24:0)","HMDB0007893","24778642","C00157","CCCCCCCCCCCCCCCCCCCCCCCC(=O)O[C@H](COC(=O)CCCCCCCCCCCCC)COP(=O)([O-])OCC[N+](C)(C)C","1"
"PC(38:1)","PC(14:0/24:1(15Z))","HMDB0007894","24778643","C00157","CCCCCCCCCCCCCC(=O)OC[C@H](COP(=O)([O-])OCC[N+](C)(C)C)OC(=O)CCCCCCCCCCCCC/C=C\CCCCCCCC","1"
"PC(38:2)","PC(14:1(9Z)/24:1(15Z))","HMDB0007927","53478637","C00157","CCCCCCCC/C=C\CCCCCCCCCCCCCC(=O)O[C@H](COC(=O)CCCCCCC/C=C\CCCC)COP(=O)([O-])OCC[N+](C)(C)C","1"
"PC(38:6)","PC(16:0/22:6(4Z,7Z,10Z,13Z,16Z,19Z))","HMDB0007991","6441886","C00157","CCCCCCCCCCCCCCCC(=O)OC[C@H](COP(=O)([O-])OCC[N+](C)(C)C)OC(=O)CC/C=C\C/C=C\C/C=C\C/C=C\C/C=C\C/C=C\CC","1"
"PC(O-36:0)","PC(o-16:0/20:0)","HMDB0013406","24779297",NA,"CCCCCCCCCCCCCCCCCCCC(=O)O[C@H](COCCCCCCCCCCCCCCCC)COP(=O)([O-])OCC[N+](C)(C)C","1"
"PC(O-36:1)","PC(o-16:1(9Z)/20:0)","HMDB0013414","53481711",NA,"CCCCCCCCCCCCCCCCCCCC(=O)O[C@H](COCCCCCCCC/C=C\CCCCCC)COP(=O)([O-])OCC[N+](C)(C)C","1"
"PC(P-40:6)","NA","NA","NA","NA","NA","0"
"PG(34:4)","PG(16:1(9Z)/18:3(6Z,9Z,12Z))","HMDB0010591","52926477",NA,"CCCCCC/C=C\CCCCCCCC(=O)OC[C@H](COP(=O)(O)OC[C@H](CO)O)OC(=O)CCCC/C=C\C/C=C\C/C=C\CCCCC","1"
"PG(34:5)","NA","NA","NA","NA","NA","0"
"PG(40:0)","NA","NA","NA","NA","NA","0"
"PG(P-42:6)","NA","NA","NA","NA","NA","0"
"PG(P-42:6)_2","NA","NA","NA","NA","NA","0"
"PI(40:0)","NA","NA","NA","NA","NA","0"
"PS(38:3)","PS(18:0/20:3(8Z,11Z,14Z))","HMDB0012382","52925994",NA,"CCCCCCCCCCCCCCCCCC(=O)OC[C@H](COP(=O)(O)OC[C@@H](C(=O)O)N)OC(=O)CCCCCC/C=C\C/C=C\C/C=C\CCCCC","1"
"SM(d16:1/22:1)","NA","NA","NA","NA","NA","0"
"SM(d18:0/24:0)","SM(d18:0/24:0)","HMDB0012094","44260134","C00550","CCCCCCCCCCCCCCCCCCCCCCCC(=O)N[C@@H](COP(=O)([O-])OCC[N+](C)(C)C)[C@@H](CCCCCCCCCCCCCCC)O","1"
"SM(d18:1/24:0)","SM(d18:1/24:0)","HMDB0011697","5283595",NA,"CCCCCCCCCCCCCCCCCCCCCCCC(=O)N[C@@H](COP(=O)(O)OCC[N+](C)(C)C)[C@@H](/C=C/CCCCCCCCCCCCC)O","1"
"TG(48:2)","TG(16:0/16:1(9Z)/16:1(9Z))","HMDB0005376","100981287","C00422","CCCCCCCCCCCCCCCC(=O)OC[C@H](COC(=O)CCCCCCC/C=C\CCCCCC)OC(=O)CCCCCCC/C=C\CCCCCC","1"
"PG(38:3)","PG(18:0/20:3(5Z,8Z,11Z))","HMDB0010608","53480611",NA,"CCCCCCCCCCCCCCCCCC(=O)OC[C@H](COP(=O)(O)OC[C@H](CO)O)OC(=O)CCC/C=C\C/C=C\C/C=C\CCCCCCCC","1"
"(7Z,10Z)-hexadecadienoylcarnitine","NA","NA","NA","NA","NA","0"
"TG(48:1)","TG(16:0/16:0/16:1(9Z))","HMDB0005359","131750336","C00422","CCCCCCCCCCCCCCCC(=O)OC[C@H](COC(=O)CCCCCCC/C=C\CCCCCC)OC(=O)CCCCCCCCCCCCCCC","1"
"TG(52:0)","TG(16:0/16:0/20:0)","HMDB0005358","9544047","C00422","CCCCCCCCCCCCCCCCCCCC(=O)OC[C@@H](COC(=O)CCCCCCCCCCCCCCC)OC(=O)CCCCCCCCCCCCCCC","1"
"TG(52:1)","TG(16:0/16:0/20:1(11Z))","HMDB0005361","131750337","C00422","CCCCCCCCCCCCCCCC(=O)OC[C@H](COC(=O)CCCCCCCCC/C=C\CCCCCCCC)OC(=O)CCCCCCCCCCCCCCC","1"
"TG(52:2)","TG(16:0/18:0/18:2(9Z,12Z))","HMDB0005369","131750341","C00422","CCCCCCCCCCCCCCCCCC(=O)O[C@H](COC(=O)CCCCCCCCCCCCCCC)COC(=O)CCCCCCC/C=C\C/C=C\CCCCC","1"
"TG(52:4)","TG(16:0/16:0/20:4(5Z,8Z,11Z,14Z))","HMDB0005363","131750338","C00422","CCCCCCCCCCCCCCCC(=O)OC[C@H](COC(=O)CCC/C=C\C/C=C\C/C=C\C/C=C\CCCCC)OC(=O)CCCCCCCCCCCCCCC","1"
"TG(56:2)","TG(16:0/20:1(11Z)/20:1(11Z))","HMDB0005386","131750355","C00422","CCCCCCCCCCCCCCCC(=O)OC[C@H](COC(=O)CCCCCCCCC/C=C\CCCCCCCC)OC(=O)CCCCCCCCC/C=C\CCCCCCCC","1"
"TG(58:0)","TG(18:0/20:0/20:0)","HMDB0005399","131750365","C00422","CCCCCCCCCCCCCCCCCCCC(=O)OC[C@@H](COC(=O)CCCCCCCCCCCCCCCCC)OC(=O)CCCCCCCCCCCCCCCCCCC","1"
"TG(58:10)","TG(18:2(9Z,12Z)/20:4(5Z,8Z,11Z,14Z)/20:4(5Z,8Z,11Z,14Z))","HMDB0005476","131750428","C00422","CCCCC/C=C\C/C=C\CCCCCCCC(=O)OC[C@H](COC(=O)CCC/C=C\C/C=C\C/C=C\C/C=C\CCCCC)OC(=O)CCC/C=C\C/C=C\C/C=C\C/C=C\CCCCC","1"
"TG(58:2)","TG(18:0/20:1(11Z)/20:1(11Z))","HMDB0005407","131750370","C00422","CCCCCCCCCCCCCCCCCC(=O)OC[C@H](COC(=O)CCCCCCCCC/C=C\CCCCCCCC)OC(=O)CCCCCCCCC/C=C\CCCCCCCC","1"
"TG(58:4)","TG(18:0/20:0/20:4(5Z,8Z,11Z,14Z))","HMDB0005401","131750367","C00422","CCCCCCCCCCCCCCCCCCCC(=O)O[C@H](COC(=O)CCCCCCCCCCCCCCCCC)COC(=O)CCC/C=C\C/C=C\C/C=C\C/C=C\CCCCC","1"
"TG(58:5)","TG(18:0/20:1(11Z)/20:4(5Z,8Z,11Z,14Z))","HMDB0005408","131750371","C00422","CCCCCCCCCCCCCCCCCC(=O)OC[C@H](COC(=O)CCC/C=C\C/C=C\C/C=C\C/C=C\CCCCC)OC(=O)CCCCCCCCC/C=C\CCCCCCCC","1"
"TG(58:8)","TG(18:0/20:4(5Z,8Z,11Z,14Z)/20:4(5Z,8Z,11Z,14Z))","HMDB0005413","131750375","C00422","CCCCCCCCCCCCCCCCCC(=O)OC[C@H](COC(=O)CCC/C=C\C/C=C\C/C=C\C/C=C\CCCCC)OC(=O)CCC/C=C\C/C=C\C/C=C\C/C=C\CCCCC","1"
"TG(60:1)","TG(20:0/20:0/20:1(11Z))","HMDB0005415","131750376","C00422","CCCCCCCCCCCCCCCCCCCC(=O)OC[C@H](COC(=O)CCCCCCCCC/C=C\CCCCCCCC)OC(=O)CCCCCCCCCCCCCCCCCCC","1"
"TG(60:11)","TG(20:4(5Z,8Z,11Z,14Z)/18:1(9Z)/22:6(4Z,7Z,10Z,13Z,16Z,19Z))","HMDB0010526","53480569",NA,"CCCCCCCC/C=C\CCCCCCCC(=O)O[C@H](COC(=O)CCC/C=C\C/C=C\C/C=C\C/C=C\CCCCC)COC(=O)CC/C=C\C/C=C\C/C=C\C/C=C\C/C=C\C/C=C\CC","1"
"TG(60:12)","TG(20:4(5Z,8Z,11Z,14Z)/20:4(5Z,8Z,11Z,14Z)/20:4(5Z,8Z,11Z,14Z))","HMDB0005478","9545801","C00422","CCCCC/C=C\C/C=C\C/C=C\C/C=C\CCCC(=O)OCC(OC(=O)CCC/C=C\C/C=C\C/C=C\C/C=C\CCCCC)COC(=O)CCC/C=C\C/C=C\C/C=C\C/C=C\CCCCC","1"
"TG(60:6)","TG(20:1(11Z)/20:1(11Z)/20:4(5Z,8Z,11Z,14Z))","HMDB0005465","131750418","C00422","CCCCCCCC/C=C\CCCCCCCCCC(=O)OC[C@H](COC(=O)CCC/C=C\C/C=C\C/C=C\C/C=C\CCCCC)OC(=O)CCCCCCCCC/C=C\CCCCCCCC","1"
"TG(60:7)","NA","NA","NA","NA","NA","0"
"TG(60:8)","TG(20:0/20:4(5Z,8Z,11Z,14Z)/20:4(5Z,8Z,11Z,14Z))","HMDB0005420","131750380","C00422","CCCCCCCCCCCCCCCCCCCC(=O)OC[C@H](COC(=O)CCC/C=C\C/C=C\C/C=C\C/C=C\CCCCC)OC(=O)CCC/C=C\C/C=C\C/C=C\C/C=C\CCCCC","1"
"TG(60:9)","TG(20:1(11Z)/20:4(5Z,8Z,11Z,14Z)/20:4(5Z,8Z,11Z,14Z))","HMDB0005466","131750419","C00422","CCCCCCCC/C=C\CCCCCCCCCC(=O)OC[C@H](COC(=O)CCC/C=C\C/C=C\C/C=C\C/C=C\CCCCC)OC(=O)CCC/C=C\C/C=C\C/C=C\C/C=C\CCCCC","1"
"20:0 Campesteryl ester","NA","NA","NA","NA","NA","0"
"20:1 Campesteryl ester","NA","NA","NA","NA","NA","0"
"20:3 Campesteryl ester","NA","NA","NA","NA","NA","0"
"CE(14:0)","CE(14:0)","HMDB0006725","99486",NA,"CCCCCCCCCCCCCC(=O)O[C@H]1CC[C@@]2([C@H]3CC[C@]4([C@H]([C@@H]3CC=C2C1)CC[C@@H]4[C@H](C)CCCC(C)C)C)C","1"
"CE(22:5)","CE(22:5(4Z,7Z,10Z,13Z,16Z))","HMDB0010374","53480462",NA,"CCCCC/C=C\C/C=C\C/C=C\C/C=C\C/C=C\CCC(=O)O[C@H]1CC[C@@]2(C3CC[C@]4(C(C3CC=C2C1)CCC4[C@H](C)CCCC(C)C)C)C","1"
"CE(22:6)","CE(22:6(4Z,7Z,10Z,13Z,16Z,19Z))","HMDB0006733","53477890","C02530","CC/C=C\C/C=C\C/C=C\C/C=C\C/C=C\C/C=C\CCC(=O)O[C@H]1CC[C@@]2(C3CC[C@]4(C(C3CC=C2C1)CCC4[C@H](C)CCCC(C)C)C)C","1"
"Cer(d18:0/20:0(2OH))","NA","NA","NA","NA","NA","0"
"Cer(d18:0/20:0)","Cer(d18:0/20:0)","HMDB0011764","5283574",NA,"CCCCCCCCCCCCCCCCCCCC(=O)N[C@@H](CO)[C@@H](CCCCCCCCCCCCCCC)O","1"
"Cer(d18:0/22:0(2OH))","NA","NA","NA","NA","NA","0"
"Cer(d18:0/24:0)","Cer(d18:0/24:0)","HMDB0011768","5283577",NA,"CCCCCCCCCCCCCCCCCCCCCCCC(=O)N[C@@H](CO)[C@@H](CCCCCCCCCCCCCCC)O","1"
"Cer(d18:1/12:0)","Ceramide (d18:1/12:0)","HMDB0004947","5283562","C00195","CCCCCCCCCCCCC/C=C/[C@H]([C@H](CO)NC(=O)CCCCCCCCCCC)O","1"
"Cer(d18:1/26:1(17Z))","NA","NA","NA","NA","NA","0"
"Cer(d18:2/14:0)","NA","NA","NA","NA","NA","0"
"Cer(t18:0/16:0(2OH))","NA","NA","NA","NA","NA","0"
"Cer(t18:0/20:0(2OH))","NA","NA","NA","NA","NA","0"
"Cer(t18:0/22:0(2OH))","NA","NA","NA","NA","NA","0"
"Cer(t18:0/24:0(2OH))","NA","NA","NA","NA","NA","0"
"CerP(d18:1/22:0)","CerP(d18:1/22:0)","HMDB0010703","5283585",NA,"CCCCCCCCCCCCCCCCCCCCCC(=O)N[C@@H](COP(=O)(O)O)[C@@H](/C=C/CCCCCCCCCCCCC)O","1"
"CerP(d18:1/8:0)","NA","NA","NA","NA","NA","0"
"Cholesteryl nitrolinoleate","NA","NA","NA","NA","NA","0"
"FA(12:1)","NA","NA","NA","NA","NA","0"
"FA(17:1)","NA","NA","NA","NA","NA","0"
"lanosteryl oleate","NA","NA","NA","NA","NA","0"
"20:2 Campesteryl ester","NA","NA","NA","NA","NA","0"
"LPE(18:3)","LysoPE(0:0/18:3(6Z,9Z,12Z))","HMDB0011478","53480927",NA,"CCCCC/C=C\C/C=C\C/C=C\CCCCC(=O)O[C@H](CO)COP(=O)(O)OCCN","1"
"LPG(14:0)","NA","NA","NA","NA","NA","0"
"PG(18:0)","NA","NA","NA","NA","NA","0"
"LPG(20:5)","NA","NA","NA","NA","NA","0"
"PG(20:5)_2","NA","NA","NA","NA","NA","0"
"LPI(18:3)","NA","NA","NA","NA","NA","0"
"PI(18:3)","NA","NA","NA","NA","NA","0"
"PI(18:3)_2","NA","NA","NA","NA","NA","0"
"LPS(12:0)","NA","NA","NA","NA","NA","0"
"LPS(14:0)","NA","NA","NA","NA","NA","0"
"O-(13-carboxytridecanoyl)carnitine","NA","NA","NA","NA","NA","0"
"O-palmitoleoylcarnitine","NA","NA","NA","NA","NA","0"
"trans-Hexadec-2-enoyl carnitine","trans-Hexadec-2-enoyl carnitine","HMDB0006317","53477817",NA,"CCCCCCCCCCCCC/C=C/C(=O)OC(CC(=O)[O-])C[N+](C)(C)C","1"
"PC(34:0)","PC(14:0/20:0)","HMDB0007878","24778633","C00157","CCCCCCCCCCCCCCCCCCCC(=O)O[C@H](COC(=O)CCCCCCCCCCCCC)COP(=O)([O-])OCC[N+](C)(C)C","1"
"PC(34:1)","PC(14:0/20:1(11Z))","HMDB0007879","52922226","C00157","CCCCCCCCCCCCCC(=O)OC[C@H](COP(=O)([O-])OCC[N+](C)(C)C)OC(=O)CCCCCCCCC/C=C\CCCCCCCC","1"
"PC(34:2)","PC(14:0/20:2(11Z,14Z))","HMDB0007880","52922228","C00157","CCCCCCCCCCCCCC(=O)OC[C@H](COP(=O)([O-])OCC[N+](C)(C)C)OC(=O)CCCCCCCCC/C=C\C/C=C\CCCCC","1"
"PC(36:4)","PC(14:0/22:4(7Z,10Z,13Z,16Z))","HMDB0007889","52922238","C00157","CCCCCCCCCCCCCC(=O)OC[C@H](COP(=O)([O-])OCC[N+](C)(C)C)OC(=O)CCCCC/C=C\C/C=C\C/C=C\C/C=C\CCCCC","1"
"PC(36:5)","PC(14:0/22:5(4Z,7Z,10Z,13Z,16Z))","HMDB0007890","53478611","C00157","CCCCCCCCCCCCCC(=O)OC[C@H](COP(=O)([O-])OCC[N+](C)(C)C)OC(=O)CC/C=C\C/C=C\C/C=C\C/C=C\C/C=C\CCCCC","1"
"PC(36:6)","PC(14:0/22:6(4Z,7Z,10Z,13Z,16Z,19Z))","HMDB0007892","24778639","C00157","CCCCCCCCCCCCCC(=O)OC[C@H](COP(=O)([O-])OCC[N+](C)(C)C)OC(=O)CC/C=C\C/C=C\C/C=C\C/C=C\C/C=C\C/C=C\CC","1"
"PC(38:7)","PC(16:1(9Z)/22:6(4Z,7Z,10Z,13Z,16Z,19Z))","HMDB0008023","24778773","C00157","CCCCCC/C=C\CCCCCCCC(=O)OC[C@H](COP(=O)([O-])OCC[N+](C)(C)C)OC(=O)CC/C=C\C/C=C\C/C=C\C/C=C\C/C=C\C/C=C\CC","1"
"PC(38:8)","PC(18:3(6Z,9Z,12Z)/20:5(5Z,8Z,11Z,14Z,17Z))","HMDB0008182","52922807","C00157","CCCCC/C=C\C/C=C\C/C=C\CCCCC(=O)OC[C@H](COP(=O)([O-])OCC[N+](C)(C)C)OC(=O)CCC/C=C\C/C=C\C/C=C\C/C=C\C/C=C\CC","1"
"PC(40:10)","PC(18:4(6Z,9Z,12Z,15Z)/22:6(4Z,7Z,10Z,13Z,16Z,19Z))","HMDB0008255","52922939","C00157","CC/C=C\C/C=C\C/C=C\C/C=C\CCCCC(=O)OC[C@H](COP(=O)([O-])OCC[N+](C)(C)C)OC(=O)CC/C=C\C/C=C\C/C=C\C/C=C\C/C=C\C/C=C\CC","1"
"PC(O-36:2)","PC(o-18:0/18:2(9Z,12Z))","HMDB0013418","6443070",NA,"CCCCCCCCCCCCCCCCCCOC[C@H](COP(=O)([O-])OCC[N+](C)(C)C)OC(=O)CCCCCCC/C=C\C/C=C\CCCCC","1"
"PC(O-36:3)","PC(o-18:1(11Z)/18:2(9Z,12Z))","HMDB0013425","53481721",NA,"CCCCCC/C=C\CCCCCCCCCCOC[C@H](COP(=O)([O-])OCC[N+](C)(C)C)OC(=O)CCCCCCC/C=C\C/C=C\CCCCC","1"
"PC(O-36:4)","PC(o-16:0/20:4(8Z,11Z,14Z,17Z))","HMDB0013407","53481701",NA,"CCCCCCCCCCCCCCCCOC[C@H](COP(=O)([O-])OCC[N+](C)(C)C)OC(=O)CCCCCC/C=C\C/C=C\C/C=C\C/C=C\CC","1"
"PC(O-36:5)","PC(o-16:1(9Z)/20:4(8Z,11Z,14Z,17Z))","HMDB0013415","53481713",NA,"CCCCCC/C=C\CCCCCCCCOC[C@H](COP(=O)([O-])OCC[N+](C)(C)C)OC(=O)CCC/C=C\C/C=C\C/C=C\C/C=C\CCCCC","1"
"PC(O-38:0)","PC(o-16:0/22:0)","HMDB0013408","24779301",NA,"CCCCCCCCCCCCCCCCCCCCCC(=O)O[C@H](COCCCCCCCCCCCCCCCC)COP(=O)([O-])OCC[N+](C)(C)C","1"
"PC(O-38:1)","PC(o-16:1(9Z)/22:0)","HMDB0013416","53481715",NA,"CCCCCCCCCCCCCCCCCCCCCC(=O)O[C@H](COCCCCCCCC/C=C\CCCCCC)COP(=O)([O-])OCC[N+](C)(C)C","1"
"PC(O-40:2)","PC(o-18:2(9Z,12Z)/22:0)","HMDB0013437","53481739",NA,"CCCCCCCCCCCCCCCCCCCCCC(=O)O[C@H](COCCCCCCCC/C=C\C/C=C\CCCCC)COP(=O)([O-])OCC[N+](C)(C)C","1"
"PC(O-40:3)","PC(o-22:0/18:3(6Z,9Z,12Z))","HMDB0013445","53481745",NA,"CCCCCCCCCCCCCCCCCCCCCCOC[C@H](COP(=O)([O-])OCC[N+](C)(C)C)OC(=O)CCCC/C=C\C/C=C\C/C=C\CCCCC","1"
"PC(O-40:4)","PC(o-20:0/20:4(8Z,11Z,14Z,17Z))","HMDB0013442","52923852",NA,"CCCCCCCCCCCCCCCCCCCCOC[C@H](COP(=O)([O-])OCC[N+](C)(C)C)OC(=O)CCC/C=C\C/C=C\C/C=C\C/C=C\CCCCC","1"
"PC(O-40:5)","PC(o-20:1(11Z)/20:4(8Z,11Z,14Z,17Z))","HMDB0013444","53481743",NA,"CCCCCCCC/C=C\CCCCCCCCCCOC[C@H](COP(=O)([O-])OCC[N+](C)(C)C)OC(=O)CCC/C=C\C/C=C\C/C=C\C/C=C\CCCCC","1"
"PC(O-40:6)","PC(o-18:0/22:6(4Z,7Z,10Z,13Z,16Z,19Z))","HMDB0013422","24779341",NA,"CCCCCCCCCCCCCCCCCCOC[C@H](COP(=O)([O-])OCC[N+](C)(C)C)OC(=O)CC/C=C\C/C=C\C/C=C\C/C=C\C/C=C\C/C=C\CC","1"
"PC(P-36:5)","NA","NA","NA","NA","NA","0"
"PE(O-18:1)","NA","NA","NA","NA","NA","0"
"PG(38:7)","PG(16:1(9Z)/22:6(4Z,7Z,10Z,13Z,16Z,19Z))","HMDB0010599","52927163",NA,"CCCCCC/C=C\CCCCCCCC(=O)OC[C@H](COP(=O)(O)OC[C@H](CO)O)OC(=O)CC/C=C\C/C=C\C/C=C\C/C=C\C/C=C\C/C=C\CC","1"
"PI(38:5)","PI(16:0/22:5(4Z,7Z,10Z,13Z,16Z))","HMDB0009795",NA,"C00626","[H][C@@](COC(=O)CCCCCCCCCCCCCCC)(COP(O)(=O)O[C@H]1C(O)C(O)C(O)[C@@H](O)C1O)OC(=O)CC\C=C/C\C=C/C\C=C/C\C=C/C\C=C/CCCCC","1"
"PI(40:1)","NA","NA","NA","NA","NA","0"
"PI(42:11)","NA","NA","NA","NA","NA","0"
"PI(O-20:5)","NA","NA","NA","NA","NA","0"
"PI(O-40:5)","NA","NA","NA","NA","NA","0"
"PI(P-40:4)","NA","NA","NA","NA","NA","0"
"PI(O-42:4)","NA","NA","NA","NA","NA","0"
"PI(P-42:6)","NA","NA","NA","NA","NA","0"
"PS(34:5)_2","NA","NA","NA","NA","NA","0"
"PS(40:0)","NA","NA","NA","NA","NA","0"
"PS(P-42:6)","NA","NA","NA","NA","NA","0"
"PS(P-42:6)_2","NA","NA","NA","NA","NA","0"
"PS(O-40:5)","NA","NA","NA","NA","NA","0"
"SM(d18:0/20:0)","SM(d18:0/20:0)","HMDB0012090","44260131","C00550","CCCCCCCCCCCCCCCCCCCC(=O)N[C@@H](COP(=O)([O-])OCC[N+](C)(C)C)[C@@H](CCCCCCCCCCCCCCC)O","1"
"SM(d18:0/22:0)","SM(d18:0/22:0)","HMDB0012091","44260132","C00550","CCCCCCCCCCCCCCCCCCCCCC(=O)N[C@@H](COP(=O)([O-])OCC[N+](C)(C)C)[C@@H](CCCCCCCCCCCCCCC)O","1"
"SM(d18:1/20:0)","SM(d18:1/20:0)","HMDB0012102","44260124","C00550","CCCCCCCCCCCCCCCCCCCC(=O)N[C@@H](COP(=O)([O-])OCC[N+](C)(C)C)[C@@H](/C=C/CCCCCCCCCCCCC)O","1"
"SM(d18:1/24:1)15Z))","NA","NA","NA","NA","NA","0"
"SM(d18:2/22:1)","NA","NA","NA","NA","NA","0"
"SM(d18:2/24:1)","NA","NA","NA","NA","NA","0"
"LPC(7:0)","NA","NA","NA","NA","NA","0"
"PG(20:5)","NA","NA","NA","NA","NA","0"
"PC(38:9)","PC(18:4(6Z,9Z,12Z,15Z)/20:5(5Z,8Z,11Z,14Z,17Z))","HMDB0008248","52922927","C00157","CC/C=C\C/C=C\C/C=C\C/C=C\CCCCC(=O)OC[C@H](COP(=O)([O-])OCC[N+](C)(C)C)OC(=O)CCC/C=C\C/C=C\C/C=C\C/C=C\C/C=C\CC","1"
"PC(40:9)","PC(18:3(6Z,9Z,12Z)/22:6(4Z,7Z,10Z,13Z,16Z,19Z))","HMDB0008189","52922819","C00157","CCCCC/C=C\C/C=C\C/C=C\CCCCC(=O)OC[C@H](COP(=O)([O-])OCC[N+](C)(C)C)OC(=O)CC/C=C\C/C=C\C/C=C\C/C=C\C/C=C\C/C=C\CC","1"
"LPG(20:2)","NA","NA","NA","NA","NA","0"
"PG(20:2)","NA","NA","NA","NA","NA","0"
"PC(40:8)","PC(18:2(9Z,12Z)/22:6(4Z,7Z,10Z,13Z,16Z,19Z))","HMDB0008156","24778983","C00157","CCCCC/C=C\C/C=C\CCCCCCCC(=O)OC[C@H](COP(=O)([O-])OCC[N+](C)(C)C)OC(=O)CC/C=C\C/C=C\C/C=C\C/C=C\C/C=C\C/C=C\CC","1"
"CE(14:1)","CE(14:1(9Z))","HMDB0010367","53480456",NA,"CCCC/C=C\CCCCCCCC(=O)O[C@H]1CC[C@@]2(C3CC[C@]4(C(C3CC=C2C1)CCC4[C@H](C)CCCC(C)C)C)C","1"
"TG(60:2)","TG(20:0/20:1(11Z)/20:1(11Z))","HMDB0005418","131750378","C00422","CCCCCCCCCCCCCCCCCCCC(=O)OC[C@H](COC(=O)CCCCCCCCC/C=C\CCCCCCCC)OC(=O)CCCCCCCCC/C=C\CCCCCCCC","1"
"CE(20:2)","NA","NA","NA","NA","NA","0"
"18:1 Stigmasteryl ester","NA","NA","NA","NA","NA","0"
"18:2 Sitosteryl ester","NA","NA","NA","NA","NA","0"
"PC(O-38:2)","PC(o-18:1(9Z)/20:1(11Z))","HMDB0013431","53481729",NA,"CCCCCCCC/C=C\CCCCCCCCCC(=O)O[C@H](COCCCCCCCC/C=C\CCCCCCCC)COP(=O)([O-])OCC[N+](C)(C)C","1"
"Cer(d18:1/16:0)","Ceramide (d18:1/16:0)","HMDB0004949","5283564","C00195","CCCCCCCCCCCCCCCC(=O)N[C@@H](CO)[C@@H](/C=C/CCCCCCCCCCCCC)O","1"
"FA(18:2)","NA","NA","NA","NA","NA","0"
"LPC(20:0)","LysoPC(20:0)","HMDB0010390","24779473","C04230","CCCCCCCCCCCCCCCCCCCC(=O)OC[C@H](COP(=O)([O-])OCC[N+](C)(C)C)O","1"
"PC(32:5)","PC(14:1(9Z)/18:4(6Z,9Z,12Z,15Z))","HMDB0007910","52922270","C00157","CCCC/C=C\CCCCCCCC(=O)OC[C@H](COP(=O)([O-])OCC[N+](C)(C)C)OC(=O)CCCC/C=C\C/C=C\C/C=C\C/C=C\CC","1"
"PC(36:0)","PC(14:0/22:0)","HMDB0007886","24778638","C00157","CCCCCCCCCCCCCCCCCCCCCC(=O)O[C@H](COC(=O)CCCCCCCCCCCCC)COP(=O)([O-])OCC[N+](C)(C)C","1"
"PC(P-38:6)","NA","NA","NA","NA","NA","0"
"PC(36:3)","PC(14:1(9Z)/22:2(13Z,16Z))","HMDB0007921","52922294","C00157","CCCCC/C=C\C/C=C\CCCCCCCCCCCC(=O)O[C@H](COC(=O)CCCCCCC/C=C\CCCC)COP(=O)([O-])OCC[N+](C)(C)C","1"
"PC(52:0)","NA","NA","NA","NA","NA","0"
"PC(O-40:1)","PC(o-18:1(9Z)/22:0)","HMDB0013433","53481731",NA,"CCCCCCCCCCCCCCCCCCCCCC(=O)O[C@H](COCCCCCCCC/C=C\CCCCCCCC)COP(=O)([O-])OCC[N+](C)(C)C","1"
"PE(20:5)","NA","NA","NA","NA","NA","0"
"SM(d16:1/24:1)","NA","NA","NA","NA","NA","0"
"Cer(d18:1/26:0)","Cer(d18:1/26:0)","HMDB0004955","5283570","C00195","CCCCCCCCCCCCCCCCCCCCCCCCCC(=O)N[C@@H](CO)[C@@H](/C=C/CCCCCCCCCCCCC)O","1"
"PC(P-38:6)_2","NA","NA","NA","NA","NA","0"
"PC(36:1)","PC(14:0/22:1(13Z))","HMDB0007887","53478609","C00157","CCCCCCCCCCCCCC(=O)OC[C@H](COP(=O)([O-])OCC[N+](C)(C)C)OC(=O)CCCCCCCCCCC/C=C\CCCCCCCC","1"
"PC(40:7)","PC(18:1(11Z)/22:6(4Z,7Z,10Z,13Z,16Z,19Z))","HMDB0008090","24778901","C00157","CCCCCC/C=C\CCCCCCCCCC(=O)OC[C@H](COP(=O)([O-])OCC[N+](C)(C)C)OC(=O)CC/C=C\C/C=C\C/C=C\C/C=C\C/C=C\C/C=C\CC","1"
"TG(56:5)","TG(16:0/20:1(11Z)/20:4(5Z,8Z,11Z,14Z))","HMDB0005387","131750356","C00422","CCCCCCCCCCCCCCCC(=O)OC[C@H](COC(=O)CCC/C=C\C/C=C\C/C=C\C/C=C\CCCCC)OC(=O)CCCCCCCCC/C=C\CCCCCCCC","1"
"19:0 Campesteryl ester_simulated","NA","NA","NA","NA","NA","0"
"CE(20:0)","CE(20:0)","HMDB0006740","53477894","C02530","CCCCCCCCCCCCCCCCCCCC(=O)O[C@H]1CC[C@@]2(C3CC[C@]4(C(C3CC=C2C1)CCC4[C@H](C)CCCC(C)C)C)C","1"
"18:0 Sitosteryl ester_2","NA","NA","NA","NA","NA","0"
"CE(20:1)","CE(20:1(11Z))","HMDB0005193","53477794","C02530","CCCCCCCC/C=C\CCCCCCCCCC(=O)O[C@H]1CC[C@@]2(C3CC[C@]4(C(C3CC=C2C1)CCC4[C@H](C)CCCC(C)C)C)C","1"
"18:0 Stigmasteryl ester","NA","NA","NA","NA","NA","0"
"18:1 Sitosteryl ester","NA","NA","NA","NA","NA","0"
"PG(P-34:4)","NA","NA","NA","NA","NA","0"
"PI(42:3)","NA","NA","NA","NA","NA","0"
"PC(O-38:3)","PC(o-20:0/18:3(6Z,9Z,12Z))","HMDB0013439","52923834",NA,"CCCCCCCCCCCCCCCCCCCCOC[C@H](COP(=O)([O-])OCC[N+](C)(C)C)OC(=O)CCCC/C=C\C/C=C\C/C=C\CCCCC","1"
"PC(38:5)","PC(16:0/22:5(4Z,7Z,10Z,13Z,16Z))","HMDB0007989","24778735","C00157","CCCCCCCCCCCCCCCC(=O)OC[C@H](COP(=O)([O-])OCC[N+](C)(C)C)OC(=O)CC/C=C\C/C=C\C/C=C\C/C=C\C/C=C\CCCCC","1"
