"","Total","Expected","Hits","Raw p","-log10(p)","Holm adjust","FDR","Impact"
"Sphingolipid metabolism",21,0.09761,2,0.0037305,2.4282,0.31336,0.31336,0.26978
"Glycerophospholipid metabolism",36,0.16733,2,0.010823,1.9657,0.89831,0.45457,0.11182
"Linoleic acid metabolism",5,0.02324,1,0.023056,1.6372,1,0.64556,0
"alpha-Linolenic acid metabolism",13,0.060425,1,0.058997,1.2292,1,1,0
"Glycerolipid metabolism",16,0.074369,1,0.07218,1.1416,1,1,0.01402
"Arachidonic acid metabolism",36,0.16733,1,0.15609,0.80663,1,1,0
"Fatty acid degradation",39,0.18127,1,0.16809,0.77445,1,1,0
"Steroid biosynthesis",42,0.19522,1,0.17995,0.74484,1,1,0
